speaker,interval,vowel,ipu
it01,2,o,ipu_1
it01,4,O,ipu_2
it01,6,a,ipu_3
it01,8,e,ipu_4
it01,10,o,ipu_5
it01,12,u,ipu_6
it01,14,i,ipu_7
it01,16,e,ipu_8
it01,18,o,ipu_9
it01,20,o,ipu_10
it01,22,u,ipu_11
it01,24,i,ipu_12
it01,26,u,ipu_13
it01,28,o,ipu_14
it01,30,O,ipu_16
it01,32,e,ipu_17
it01,34,u,ipu_18
it01,36,o,ipu_19
it01,38,a,ipu_20
it01,40,a,ipu_21
it01,42,O,ipu_22
it01,44,i,ipu_23
it01,46,u,ipu_24
it01,48,e,ipu_25
it01,50,a,ipu_26
it01,52,i,ipu_27
it01,54,i,ipu_28
it01,56,i,ipu_29
it01,58,e,ipu_30
it01,60,a,ipu_31
it01,62,u,ipu_32
it01,64,i,ipu_33
it01,66,e,ipu_34
it01,68,u,ipu_35
it01,70,o,ipu_36
it01,72,u,ipu_37
it01,74,a,ipu_38
it01,76,e,ipu_39
it01,78,e,ipu_40
it01,80,a,ipu_41
it01,82,u,ipu_42
it01,84,o,ipu_43
it01,86,i,ipu_44
it01,88,o,ipu_45
it01,90,a,ipu_46
it01,92,a,ipu_47
it01,94,i,ipu_48
it01,96,u,ipu_49
it01,98,e,ipu_50
it01,100,e,ipu_51
it01,102,u,ipu_52
it01,104,u,ipu_54
it01,106,u,ipu_55
it01,108,o,ipu_56
it01,110,o,ipu_57
it01,112,u,ipu_58
it01,114,o,ipu_59
it01,116,e,ipu_60
it01,118,a,ipu_61
it01,120,o,ipu_62
it01,122,e,ipu_63
it01,124,o,ipu_64
it01,126,i,ipu_65
it01,128,u,ipu_66
it01,130,i,ipu_67
it01,132,a,ipu_68
it01,134,O,ipu_69
it01,136,e,ipu_70
it01,138,a,ipu_71
it01,140,i,ipu_72
it01,142,u,ipu_73
it01,144,e,ipu_74
it01,146,i,ipu_75
it01,148,o,ipu_76
it01,150,a,ipu_77
it01,152,e,ipu_78
it01,154,a,ipu_79
it01,156,o,ipu_80
it01,158,e,ipu_81
it01,160,e,ipu_82
it01,162,i,ipu_83
it01,164,i,ipu_84
it01,166,a,ipu_85
it01,168,a,ipu_86
it01,170,a,ipu_87
it01,172,o,ipu_88
it01,174,e,ipu_89
it01,176,e,ipu_90
it01,178,u,ipu_91
it01,180,O,ipu_92
it01,182,a,ipu_93
it01,184,O,ipu_94
it01,186,u,ipu_95
it01,188,o,ipu_96
it01,190,a,ipu_97
it01,192,a,ipu_98
it01,194,u,ipu_99
it01,196,i,ipu_100
it01,198,i,ipu_101
it01,200,i,ipu_102
it01,202,e,ipu_103
it01,204,i,ipu_104
it01,206,e,ipu_105
it01,208,u,ipu_106
it01,210,u,ipu_107
it01,212,i,ipu_108
it01,214,u,ipu_109
it01,216,i,ipu_110
it01,218,a,ipu_111
it01,220,i,ipu_112
it01,222,i,ipu_113
it01,224,a,ipu_114
it01,226,i,ipu_115
it01,228,o,ipu_116
it01,230,o,ipu_117
it01,232,u,ipu_118
it01,234,a,ipu_119
it01,236,e,ipu_120
it01,238,u,ipu_121
it01,240,o,ipu_122
it01,242,e,ipu_123
it01,244,i,ipu_124
it01,246,i,ipu_125
it01,248,o,ipu_126
it01,250,o,ipu_127
it01,252,a,ipu_128
it01,254,u,ipu_129
it01,256,u,ipu_130
it01,258,u,ipu_131
it01,260,e,ipu_132
it01,262,o,ipu_133
it01,264,a,ipu_134
it01,266,i,ipu_135
it01,268,a,ipu_136
it01,270,u,ipu_137
it01,272,e,ipu_138
it01,274,u,ipu_139
it01,276,o,ipu_140
it01,278,i,ipu_141
it01,280,O,ipu_142
it01,282,a,ipu_143
it01,284,i,ipu_144
it01,286,u,ipu_145
it01,288,i,ipu_146
it01,290,e,ipu_147
it01,292,e,ipu_148
it01,294,u,ipu_149
it01,296,e,ipu_150
it01,298,u,ipu_151
it01,300,o,ipu_152
it01,302,i,ipu_153
it01,304,e,ipu_154
it01,306,e,ipu_155
it01,308,a,ipu_156
it01,310,o,ipu_157
it01,312,u,ipu_158
it01,314,u,ipu_159
it01,316,e,ipu_160
it01,318,O,ipu_161
it01,320,i,ipu_162
it01,322,a,ipu_163
it01,324,i,ipu_164
it01,326,i,ipu_165
it01,328,i,ipu_166
it01,330,a,ipu_167
it01,332,a,ipu_168
it01,334,a,ipu_169
it01,336,e,ipu_170
it01,338,i,ipu_171
it01,340,o,ipu_172
it02,2,O,ipu_1
it02,4,o,ipu_2
it02,6,a,ipu_3
it02,8,a,ipu_4
it02,10,u,ipu_5
it02,12,a,ipu_6
it02,14,o,ipu_7
it02,16,u,ipu_8
it02,18,o,ipu_9
it02,20,O,ipu_10
it02,22,a,ipu_11
it02,24,O,ipu_12
it02,26,a,ipu_13
it02,28,a,ipu_14
it02,30,o,ipu_15
it02,32,u,ipu_16
it02,34,i,ipu_17
it02,36,u,ipu_18
it02,38,u,ipu_19
it02,40,u,ipu_20
it02,42,u,ipu_21
it02,44,O,ipu_22
it02,46,i,ipu_23
it02,48,a,ipu_24
it02,50,O,ipu_25
it02,52,o,ipu_26
it02,54,o,ipu_27
it02,56,o,ipu_28
it02,58,o,ipu_29
it02,60,e,ipu_30
it02,62,a,ipu_31
it02,64,u,ipu_32
it02,66,i,ipu_33
it02,68,i,ipu_34
it02,70,o,ipu_35
it02,72,i,ipu_36
it02,74,u,ipu_37
it02,76,u,ipu_38
it02,78,e,ipu_39
it02,80,u,ipu_40
it02,82,e,ipu_41
it02,84,i,ipu_42
it02,86,i,ipu_43
it02,88,a,ipu_44
it02,90,i,ipu_45
it02,92,e,ipu_46
it02,94,u,ipu_47
it02,96,O,ipu_48
it02,98,o,ipu_49
it02,100,e,ipu_50
it02,102,a,ipu_51
it02,104,i,ipu_52
it02,106,i,ipu_53
it02,108,u,ipu_54
it02,110,u,ipu_55
it02,112,e,ipu_56
it02,114,u,ipu_57
it02,116,o,ipu_58
it02,118,a,ipu_59
it02,120,e,ipu_60
it02,122,i,ipu_61
it02,124,u,ipu_62
it02,126,o,ipu_63
it02,128,i,ipu_64
it02,130,i,ipu_65
it02,132,e,ipu_66
it02,134,u,ipu_67
it02,136,e,ipu_68
it02,138,o,ipu_69
it02,140,i,ipu_70
it02,142,e,ipu_71
it02,144,O,ipu_72
it02,146,e,ipu_73
it02,148,e,ipu_74
it02,150,o,ipu_75
it02,152,e,ipu_76
it02,154,e,ipu_77
it02,156,o,ipu_78
it02,158,i,ipu_79
it02,160,O,ipu_80
it02,162,i,ipu_81
it02,164,i,ipu_82
it02,166,o,ipu_83
it02,168,u,ipu_84
it02,170,i,ipu_85
it02,172,o,ipu_86
it02,174,u,ipu_87
it02,176,i,ipu_88
it02,178,O,ipu_89
it02,180,a,ipu_90
it02,182,i,ipu_91
it02,184,a,ipu_92
it02,186,a,ipu_93
it02,188,e,ipu_94
it02,190,u,ipu_95
it02,192,o,ipu_96
it02,194,u,ipu_97
it02,196,i,ipu_98
it02,198,e,ipu_99
it02,200,e,ipu_100
it02,202,a,ipu_101
it02,204,o,ipu_102
it02,206,e,ipu_103
it02,208,a,ipu_104
it02,210,a,ipu_105
it02,212,u,ipu_106
it02,214,e,ipu_107
it02,216,u,ipu_108
it02,218,e,ipu_109
it02,220,a,ipu_110
it02,222,e,ipu_111
it02,224,u,ipu_112
it02,226,u,ipu_113
it02,228,a,ipu_114
it02,230,e,ipu_115
it02,232,a,ipu_116
it02,234,o,ipu_117
it02,236,a,ipu_118
it02,238,e,ipu_119
it02,240,i,ipu_120
it02,242,o,ipu_121
it02,244,i,ipu_122
it02,246,e,ipu_123
it02,248,e,ipu_124
it02,250,i,ipu_125
it02,252,a,ipu_126
it02,254,u,ipu_127
it02,256,i,ipu_128
it02,258,i,ipu_129
it02,260,a,ipu_130
it02,262,i,ipu_131
it02,264,u,ipu_132
it02,266,i,ipu_133
it02,268,a,ipu_134
it02,270,o,ipu_135
it02,272,O,ipu_136
it02,274,i,ipu_137
it02,276,u,ipu_138
it02,278,a,ipu_139
it02,280,u,ipu_140
it02,282,e,ipu_141
it02,284,u,ipu_142
it02,286,a,ipu_143
it02,288,i,ipu_144
it02,290,e,ipu_145
it02,292,e,ipu_146
it02,294,u,ipu_147
it02,296,a,ipu_148
it02,298,i,ipu_149
it02,300,i,ipu_150
it02,302,e,ipu_151
it02,304,e,ipu_152
it02,306,a,ipu_153
it02,308,a,ipu_154
it02,310,u,ipu_155
it02,312,o,ipu_156
it02,314,i,ipu_157
it02,316,o,ipu_158
it02,318,a,ipu_159
it02,320,o,ipu_160
it02,322,o,ipu_161
it02,324,i,ipu_162
it02,326,u,ipu_163
it02,328,u,ipu_164
it02,330,e,ipu_165
it02,332,u,ipu_166
it02,334,a,ipu_167
it02,336,i,ipu_168
it02,338,i,ipu_169
it02,340,a,ipu_170
it02,342,u,ipu_171
it02,344,e,ipu_172
it03,2,i,ipu_1
it03,4,e,ipu_2
it03,6,u,ipu_3
it03,8,u,ipu_4
it03,10,O,ipu_5
it03,12,o,ipu_6
it03,14,u,ipu_7
it03,16,a,ipu_8
it03,18,o,ipu_9
it03,20,o,ipu_10
it03,22,a,ipu_11
it03,24,u,ipu_12
it03,26,u,ipu_13
it03,28,O,ipu_14
it03,30,o,ipu_15
it03,32,u,ipu_16
it03,34,a,ipu_17
it03,36,o,ipu_18
it03,38,u,ipu_19
it03,40,i,ipu_20
it03,42,o,ipu_21
it03,44,o,ipu_22
it03,46,e,ipu_23
it03,48,i,ipu_24
it03,50,e,ipu_25
it03,52,u,ipu_26
it03,54,i,ipu_27
it03,56,a,ipu_28
it03,58,u,ipu_29
it03,60,a,ipu_30
it03,62,i,ipu_31
it03,64,i,ipu_32
it03,66,i,ipu_33
it03,68,o,ipu_34
it03,70,u,ipu_35
it03,72,a,ipu_36
it03,74,O,ipu_37
it03,76,i,ipu_38
it03,78,a,ipu_39
it03,80,e,ipu_40
it03,82,a,ipu_41
it03,84,o,ipu_42
it03,86,o,ipu_43
it03,88,o,ipu_44
it03,90,e,ipu_45
it03,92,a,ipu_46
it03,94,i,ipu_47
it03,96,i,ipu_48
it03,98,u,ipu_49
it03,100,i,ipu_50
it03,102,u,ipu_51
it03,104,e,ipu_52
it03,106,u,ipu_53
it03,108,a,ipu_54
it03,110,u,ipu_55
it03,112,e,ipu_56
it03,114,i,ipu_57
it03,116,u,ipu_58
it03,118,a,ipu_59
it03,120,o,ipu_60
it03,122,i,ipu_61
it03,124,i,ipu_62
it03,126,a,ipu_63
it03,128,u,ipu_64
it03,130,a,ipu_65
it03,132,i,ipu_66
it03,134,u,ipu_67
it03,136,u,ipu_68
it03,138,i,ipu_69
it03,140,i,ipu_70
it03,142,a,ipu_71
it03,144,o,ipu_72
it03,146,O,ipu_73
it03,148,e,ipu_74
it03,150,o,ipu_75
it03,152,e,ipu_76
it03,154,u,ipu_77
it03,156,O,ipu_78
it03,158,u,ipu_79
it03,160,e,ipu_80
it03,162,u,ipu_81
it03,164,o,ipu_82
it03,166,u,ipu_83
it03,168,e,ipu_84
it03,170,i,ipu_85
it03,172,o,ipu_86
it03,174,i,ipu_87
it03,176,a,ipu_88
it03,178,e,ipu_89
it03,180,o,ipu_90
it03,182,a,ipu_91
it03,184,a,ipu_92
it03,186,e,ipu_93
it03,188,i,ipu_94
it03,190,o,ipu_95
it03,192,o,ipu_96
it03,194,i,ipu_97
it03,196,e,ipu_98
it03,198,u,ipu_99
it03,200,e,ipu_100
it03,202,o,ipu_101
it03,204,i,ipu_102
it03,206,o,ipu_103
it03,208,e,ipu_104
it03,210,i,ipu_105
it03,212,u,ipu_106
it03,214,a,ipu_107
it03,216,a,ipu_108
it03,218,u,ipu_109
it03,220,e,ipu_110
it03,222,O,ipu_111
it03,224,e,ipu_112
it03,226,i,ipu_113
it03,228,i,ipu_114
it03,230,e,ipu_115
it03,232,a,ipu_116
it03,234,a,ipu_117
it03,236,a,ipu_118
it03,238,i,ipu_119
it03,240,u,ipu_120
it03,242,o,ipu_121
it03,244,a,ipu_122
it03,246,a,ipu_123
it03,248,u,ipu_124
it03,250,e,ipu_125
it03,252,i,ipu_126
it03,254,u,ipu_127
it03,256,u,ipu_128
it03,258,e,ipu_129
it03,260,u,ipu_130
it03,262,u,ipu_131
it03,264,o,ipu_132
it03,266,a,ipu_133
it03,268,o,ipu_134
it03,270,e,ipu_135
it03,272,o,ipu_136
it03,274,e,ipu_138
it03,276,e,ipu_139
it03,278,u,ipu_140
it03,280,e,ipu_141
it03,282,o,ipu_142
it03,284,o,ipu_143
it03,286,i,ipu_144
it03,288,a,ipu_145
it03,290,e,ipu_146
it03,292,e,ipu_147
it03,294,a,ipu_148
it03,296,u,ipu_149
it03,298,a,ipu_150
it03,300,e,ipu_151
it03,302,i,ipu_152
it03,304,i,ipu_153
it03,306,i,ipu_154
it03,308,i,ipu_155
it03,310,u,ipu_156
it03,312,e,ipu_157
it03,314,a,ipu_158
it03,316,e,ipu_159
it03,318,a,ipu_160
it03,320,a,ipu_161
it03,322,i,ipu_162
it03,324,i,ipu_163
it03,326,i,ipu_164
it03,328,a,ipu_165
it03,330,e,ipu_166
it03,332,o,ipu_167
it03,334,i,ipu_168
it03,336,e,ipu_169
it03,338,o,ipu_170
it03,340,o,ipu_171
it03,342,u,ipu_172
it04,2,i,ipu_1
it04,4,e,ipu_2
it04,6,e,ipu_3
it04,8,u,ipu_4
it04,10,e,ipu_5
it04,12,i,ipu_6
it04,14,u,ipu_7
it04,16,u,ipu_8
it04,18,i,ipu_9
it04,20,O,ipu_10
it04,22,u,ipu_11
it04,24,i,ipu_12
it04,26,a,ipu_13
it04,28,i,ipu_14
it04,30,o,ipu_15
it04,32,o,ipu_16
it04,34,i,ipu_17
it04,36,o,ipu_18
it04,38,a,ipu_19
it04,40,i,ipu_20
it04,42,i,ipu_21
it04,44,i,ipu_22
it04,46,i,ipu_23
it04,48,u,ipu_24
it04,50,e,ipu_25
it04,52,e,ipu_26
it04,54,e,ipu_27
it04,56,i,ipu_28
it04,58,u,ipu_29
it04,60,u,ipu_30
it04,62,u,ipu_31
it04,64,u,ipu_32
it04,66,O,ipu_33
it04,68,O,ipu_34
it04,70,a,ipu_35
it04,72,e,ipu_36
it04,74,i,ipu_37
it04,76,a,ipu_38
it04,78,i,ipu_39
it04,80,i,ipu_40
it04,82,e,ipu_41
it04,84,o,ipu_42
it04,86,o,ipu_43
it04,88,u,ipu_44
it04,90,o,ipu_45
it04,92,u,ipu_46
it04,94,u,ipu_47
it04,96,u,ipu_48
it04,98,a,ipu_49
it04,100,i,ipu_50
it04,102,O,ipu_51
it04,104,e,ipu_52
it04,106,a,ipu_53
it04,108,O,ipu_54
it04,110,e,ipu_55
it04,112,i,ipu_56
it04,114,i,ipu_57
it04,116,O,ipu_58
it04,118,u,ipu_59
it04,120,u,ipu_60
it04,122,e,ipu_61
it04,124,i,ipu_62
it04,126,a,ipu_63
it04,128,o,ipu_64
it04,130,e,ipu_65
it04,132,i,ipu_66
it04,134,i,ipu_67
it04,136,u,ipu_68
it04,138,e,ipu_69
it04,140,i,ipu_70
it04,142,a,ipu_71
it04,144,u,ipu_72
it04,146,u,ipu_73
it04,148,a,ipu_74
it04,150,O,ipu_75
it04,152,e,ipu_76
it04,154,a,ipu_77
it04,156,o,ipu_78
it04,158,u,ipu_79
it04,160,i,ipu_80
it04,162,o,ipu_81
it04,164,a,ipu_82
it04,166,O,ipu_83
it04,168,e,ipu_84
it04,170,a,ipu_85
it04,172,a,ipu_86
it04,174,e,ipu_87
it04,176,O,ipu_88
it04,178,u,ipu_89
it04,180,a,ipu_90
it04,182,i,ipu_91
it04,184,a,ipu_92
it04,186,o,ipu_93
it04,188,o,ipu_94
it04,190,a,ipu_95
it04,192,o,ipu_96
it04,194,e,ipu_97
it04,196,u,ipu_98
it04,198,O,ipu_99
it04,200,a,ipu_100
it04,202,i,ipu_101
it04,204,u,ipu_102
it04,206,u,ipu_103
it04,208,u,ipu_104
it04,210,u,ipu_105
it04,212,e,ipu_106
it04,214,e,ipu_107
it04,216,e,ipu_108
it04,218,o,ipu_109
it04,220,a,ipu_110
it04,222,o,ipu_111
it04,224,a,ipu_112
it04,226,e,ipu_113
it04,228,i,ipu_114
it04,230,a,ipu_115
it04,232,o,ipu_116
it04,234,e,ipu_117
it04,236,i,ipu_118
it04,238,i,ipu_119
it04,240,i,ipu_120
it04,242,a,ipu_121
it04,244,o,ipu_122
it04,246,o,ipu_123
it04,248,i,ipu_124
it04,250,a,ipu_125
it04,252,a,ipu_126
it04,254,u,ipu_127
it04,256,u,ipu_128
it04,258,u,ipu_129
it04,260,e,ipu_130
it04,262,a,ipu_131
it04,264,e,ipu_132
it04,266,a,ipu_133
it04,268,o,ipu_134
it04,270,e,ipu_135
it04,272,o,ipu_136
it04,274,e,ipu_137
it04,276,u,ipu_138
it04,278,u,ipu_139
it04,280,O,ipu_140
it04,282,o,ipu_141
it04,284,o,ipu_142
it04,286,a,ipu_143
it04,288,u,ipu_144
it04,290,i,ipu_145
it04,292,o,ipu_146
it04,294,i,ipu_147
it04,296,e,ipu_148
it04,298,i,ipu_149
it04,300,a,ipu_150
it04,302,e,ipu_151
it04,304,e,ipu_152
it04,306,e,ipu_153
it04,308,u,ipu_154
it04,310,u,ipu_155
it04,312,o,ipu_156
it04,314,a,ipu_157
it04,316,u,ipu_158
it04,318,a,ipu_159
it04,320,i,ipu_160
it04,322,u,ipu_161
it04,324,o,ipu_162
it04,326,i,ipu_163
it04,328,e,ipu_164
it04,330,O,ipu_165
it04,332,e,ipu_166
it04,334,a,ipu_167
it04,336,u,ipu_168
it04,338,i,ipu_169
it04,340,i,ipu_170
it04,342,a,ipu_171
it04,344,a,ipu_172
it05,2,i,ipu_1
it05,4,o,ipu_2
it05,6,o,ipu_3
it05,8,e,ipu_4
it05,10,e,ipu_5
it05,12,i,ipu_6
it05,14,o,ipu_7
it05,16,o,ipu_8
it05,18,e,ipu_9
it05,20,i,ipu_10
it05,22,i,ipu_11
it05,24,i,ipu_12
it05,26,u,ipu_13
it05,28,o,ipu_14
it05,30,e,ipu_15
it05,32,u,ipu_16
it05,34,u,ipu_17
it05,36,i,ipu_18
it05,38,u,ipu_19
it05,40,e,ipu_20
it05,42,a,ipu_21
it05,44,o,ipu_22
it05,46,u,ipu_23
it05,48,o,ipu_24
it05,50,e,ipu_25
it05,52,u,ipu_26
it05,54,a,ipu_27
it05,56,e,ipu_28
it05,58,a,ipu_29
it05,60,e,ipu_30
it05,62,a,ipu_31
it05,64,e,ipu_32
it05,66,o,ipu_33
it05,68,i,ipu_34
it05,70,u,ipu_35
it05,72,O,ipu_36
it05,74,i,ipu_37
it05,76,o,ipu_38
it05,78,i,ipu_39
it05,80,u,ipu_40
it05,82,e,ipu_41
it05,84,a,ipu_42
it05,86,o,ipu_43
it05,88,i,ipu_44
it05,90,a,ipu_45
it05,92,u,ipu_46
it05,94,O,ipu_47
it05,96,a,ipu_48
it05,98,u,ipu_49
it05,100,i,ipu_50
it05,102,u,ipu_51
it05,104,a,ipu_52
it05,106,e,ipu_53
it05,108,e,ipu_54
it05,110,a,ipu_55
it05,112,e,ipu_56
it05,114,i,ipu_57
it05,116,i,ipu_58
it05,118,O,ipu_59
it05,120,i,ipu_60
it05,122,u,ipu_61
it05,124,e,ipu_62
it05,126,e,ipu_63
it05,128,i,ipu_64
it05,130,O,ipu_65
it05,132,a,ipu_66
it05,134,a,ipu_67
it05,136,a,ipu_68
it05,138,u,ipu_69
it05,140,i,ipu_70
it05,142,a,ipu_71
it05,144,e,ipu_72
it05,146,O,ipu_73
it05,148,u,ipu_74
it05,150,e,ipu_75
it05,152,i,ipu_76
it05,154,a,ipu_77
it05,156,a,ipu_78
it05,158,e,ipu_79
it05,160,o,ipu_80
it05,162,i,ipu_81
it05,164,i,ipu_82
it05,166,i,ipu_83
it05,168,O,ipu_84
it05,170,e,ipu_85
it05,172,O,ipu_86
it05,174,a,ipu_87
it05,176,a,ipu_88
it05,178,i,ipu_89
it05,180,u,ipu_90
it05,182,o,ipu_91
it05,184,i,ipu_92
it05,186,u,ipu_93
it05,188,u,ipu_94
it05,190,u,ipu_95
it05,192,u,ipu_96
it05,194,a,ipu_97
it05,196,u,ipu_98
it05,198,i,ipu_99
it05,200,u,ipu_100
it05,202,a,ipu_101
it05,204,e,ipu_102
it05,206,u,ipu_103
it05,208,a,ipu_104
it05,210,e,ipu_105
it05,212,i,ipu_106
it05,214,i,ipu_107
it05,216,u,ipu_108
it05,218,u,ipu_109
it05,220,i,ipu_110
it05,222,a,ipu_111
it05,224,o,ipu_112
it05,226,e,ipu_113
it05,228,o,ipu_114
it05,230,e,ipu_115
it05,232,u,ipu_116
it05,234,i,ipu_117
it05,236,i,ipu_118
it05,238,i,ipu_119
it05,240,a,ipu_120
it05,242,u,ipu_121
it05,244,o,ipu_122
it05,246,o,ipu_123
it05,248,a,ipu_124
it05,250,a,ipu_125
it05,252,e,ipu_126
it05,254,o,ipu_127
it05,256,a,ipu_128
it05,258,i,ipu_129
it05,260,i,ipu_130
it05,262,e,ipu_131
it05,264,e,ipu_132
it05,266,u,ipu_133
it05,268,u,ipu_134
it05,270,o,ipu_135
it05,272,a,ipu_136
it05,274,i,ipu_137
it05,276,u,ipu_138
it05,278,a,ipu_139
it05,280,o,ipu_140
it05,282,e,ipu_141
it05,284,u,ipu_142
it05,286,O,ipu_143
it05,288,u,ipu_144
it05,290,u,ipu_145
it05,292,o,ipu_146
it05,294,e,ipu_147
it05,296,a,ipu_148
it05,298,a,ipu_149
it05,300,e,ipu_150
it05,302,O,ipu_151
it05,304,e,ipu_152
it05,306,o,ipu_153
it05,308,u,ipu_154
it05,310,e,ipu_155
it05,312,u,ipu_156
it05,314,a,ipu_157
it05,316,O,ipu_158
it05,318,u,ipu_159
it05,320,i,ipu_160
it05,322,a,ipu_161
it05,324,o,ipu_162
it05,326,a,ipu_163
it05,328,e,ipu_164
it05,330,i,ipu_165
it05,332,i,ipu_166
it05,334,i,ipu_167
it05,336,o,ipu_168
it05,338,i,ipu_169
it05,340,u,ipu_170
it05,342,i,ipu_171
it05,344,i,ipu_172
it06,2,u,ipu_1
it06,4,u,ipu_2
it06,6,e,ipu_3
it06,8,a,ipu_4
it06,10,e,ipu_5
it06,12,u,ipu_6
it06,14,u,ipu_7
it06,16,o,ipu_8
it06,18,u,ipu_9
it06,20,a,ipu_10
it06,22,a,ipu_11
it06,24,u,ipu_12
it06,26,u,ipu_13
it06,28,o,ipu_14
it06,30,O,ipu_15
it06,32,e,ipu_16
it06,34,a,ipu_17
it06,36,e,ipu_18
it06,38,i,ipu_19
it06,40,e,ipu_20
it06,42,e,ipu_21
it06,44,u,ipu_22
it06,46,i,ipu_23
it06,48,i,ipu_24
it06,50,O,ipu_25
it06,52,i,ipu_27
it06,54,e,ipu_28
it06,56,e,ipu_29
it06,58,e,ipu_30
it06,60,i,ipu_31
it06,62,o,ipu_32
it06,64,o,ipu_33
it06,66,a,ipu_34
it06,68,a,ipu_35
it06,70,e,ipu_36
it06,72,i,ipu_37
it06,74,i,ipu_38
it06,76,O,ipu_39
it06,78,O,ipu_40
it06,80,e,ipu_41
it06,82,o,ipu_42
it06,84,o,ipu_43
it06,86,a,ipu_44
it06,88,a,ipu_45
it06,90,o,ipu_46
it06,92,i,ipu_47
it06,94,a,ipu_48
it06,96,u,ipu_49
it06,98,O,ipu_50
it06,100,u,ipu_51
it06,102,e,ipu_52
it06,104,a,ipu_53
it06,106,i,ipu_54
it06,108,e,ipu_55
it06,110,O,ipu_56
it06,112,e,ipu_57
it06,114,i,ipu_58
it06,116,u,ipu_59
it06,118,e,ipu_60
it06,120,a,ipu_61
it06,122,O,ipu_62
it06,124,o,ipu_63
it06,126,a,ipu_64
it06,128,u,ipu_65
it06,130,a,ipu_66
it06,132,i,ipu_67
it06,134,e,ipu_68
it06,136,O,ipu_69
it06,138,e,ipu_70
it06,140,u,ipu_71
it06,142,e,ipu_72
it06,144,a,ipu_73
it06,146,i,ipu_74
it06,148,a,ipu_75
it06,150,i,ipu_76
it06,152,o,ipu_77
it06,154,i,ipu_78
it06,156,i,ipu_79
it06,158,i,ipu_80
it06,160,u,ipu_81
it06,162,u,ipu_82
it06,164,u,ipu_83
it06,166,o,ipu_84
it06,168,u,ipu_85
it06,170,o,ipu_86
it06,172,u,ipu_87
it06,174,o,ipu_88
it06,176,i,ipu_89
it06,178,u,ipu_90
it06,180,a,ipu_91
it06,182,a,ipu_92
it06,184,e,ipu_93
it06,186,O,ipu_94
it06,188,e,ipu_95
it06,190,i,ipu_96
it06,192,e,ipu_97
it06,194,i,ipu_98
it06,196,u,ipu_99
it06,198,e,ipu_100
it06,200,i,ipu_101
it06,202,u,ipu_102
it06,204,u,ipu_103
it06,206,i,ipu_104
it06,208,e,ipu_105
it06,210,a,ipu_106
it06,212,e,ipu_107
it06,214,a,ipu_108
it06,216,e,ipu_109
it06,218,u,ipu_110
it06,220,u,ipu_111
it06,222,e,ipu_112
it06,224,i,ipu_113
it06,226,i,ipu_114
it06,228,i,ipu_115
it06,230,a,ipu_116
it06,232,u,ipu_117
it06,234,u,ipu_118
it06,236,O,ipu_119
it06,238,o,ipu_120
it06,240,a,ipu_121
it06,242,i,ipu_122
it06,244,i,ipu_123
it06,246,u,ipu_124
it06,248,o,ipu_125
it06,250,o,ipu_126
it06,252,o,ipu_127
it06,254,i,ipu_128
it06,256,u,ipu_129
it06,258,a,ipu_130
it06,260,u,ipu_131
it06,262,e,ipu_132
it06,264,o,ipu_133
it06,266,o,ipu_134
it06,268,i,ipu_135
it06,270,e,ipu_136
it06,272,o,ipu_137
it06,274,a,ipu_138
it06,276,u,ipu_139
it06,278,i,ipu_140
it06,280,u,ipu_141
it06,282,u,ipu_142
it06,284,u,ipu_143
it06,286,o,ipu_144
it06,288,o,ipu_145
it06,290,u,ipu_146
it06,292,a,ipu_147
it06,294,i,ipu_148
it06,296,O,ipu_149
it06,298,i,ipu_150
it06,300,a,ipu_151
it06,302,a,ipu_152
it06,304,a,ipu_153
it06,306,i,ipu_154
it06,308,i,ipu_155
it06,310,o,ipu_156
it06,312,u,ipu_157
it06,314,o,ipu_158
it06,316,i,ipu_159
it06,318,a,ipu_160
it06,320,e,ipu_161
it06,322,O,ipu_162
it06,324,a,ipu_163
it06,326,O,ipu_164
it06,328,a,ipu_165
it06,330,u,ipu_166
it06,332,i,ipu_167
it06,334,e,ipu_168
it06,336,a,ipu_169
it06,338,e,ipu_170
it06,340,e,ipu_171
it06,342,a,ipu_172
it07,2,e,ipu_1
it07,4,o,ipu_2
it07,6,a,ipu_3
it07,8,o,ipu_4
it07,10,a,ipu_5
it07,12,u,ipu_6
it07,14,u,ipu_7
it07,16,i,ipu_8
it07,18,e,ipu_9
it07,20,a,ipu_10
it07,22,e,ipu_11
it07,24,u,ipu_12
it07,26,a,ipu_13
it07,28,u,ipu_14
it07,30,i,ipu_15
it07,32,u,ipu_16
it07,34,u,ipu_17
it07,36,e,ipu_18
it07,38,o,ipu_19
it07,40,O,ipu_20
it07,42,i,ipu_21
it07,44,u,ipu_22
it07,46,a,ipu_23
it07,48,o,ipu_24
it07,50,e,ipu_25
it07,52,u,ipu_26
it07,54,a,ipu_27
it07,56,a,ipu_28
it07,58,u,ipu_29
it07,60,u,ipu_30
it07,62,a,ipu_31
it07,64,o,ipu_32
it07,66,a,ipu_33
it07,68,e,ipu_34
it07,70,u,ipu_35
it07,72,e,ipu_36
it07,74,O,ipu_37
it07,76,a,ipu_38
it07,78,o,ipu_39
it07,80,O,ipu_40
it07,82,e,ipu_41
it07,84,e,ipu_42
it07,86,o,ipu_43
it07,88,i,ipu_44
it07,90,o,ipu_45
it07,92,O,ipu_46
it07,94,i,ipu_47
it07,96,e,ipu_48
it07,98,a,ipu_49
it07,100,i,ipu_50
it07,102,u,ipu_51
it07,104,o,ipu_52
it07,106,u,ipu_53
it07,108,i,ipu_54
it07,110,u,ipu_55
it07,112,u,ipu_56
it07,114,a,ipu_57
it07,116,a,ipu_58
it07,118,u,ipu_59
it07,120,e,ipu_60
it07,122,i,ipu_61
it07,124,o,ipu_62
it07,126,e,ipu_63
it07,128,i,ipu_64
it07,130,u,ipu_65
it07,132,e,ipu_66
it07,134,i,ipu_67
it07,136,u,ipu_68
it07,138,e,ipu_69
it07,140,u,ipu_70
it07,142,i,ipu_71
it07,144,a,ipu_72
it07,146,o,ipu_73
it07,148,o,ipu_74
it07,150,u,ipu_75
it07,152,o,ipu_76
it07,154,a,ipu_77
it07,156,e,ipu_78
it07,158,a,ipu_79
it07,160,i,ipu_80
it07,162,a,ipu_81
it07,164,i,ipu_82
it07,166,i,ipu_83
it07,168,O,ipu_84
it07,170,i,ipu_85
it07,172,o,ipu_86
it07,174,a,ipu_87
it07,176,i,ipu_88
it07,178,O,ipu_89
it07,180,i,ipu_90
it07,182,i,ipu_91
it07,184,u,ipu_92
it07,186,u,ipu_93
it07,188,e,ipu_94
it07,190,o,ipu_95
it07,192,i,ipu_96
it07,194,e,ipu_97
it07,196,o,ipu_98
it07,198,a,ipu_99
it07,200,o,ipu_100
it07,202,a,ipu_101
it07,204,u,ipu_102
it07,206,u,ipu_103
it07,208,e,ipu_104
it07,210,e,ipu_105
it07,212,i,ipu_106
it07,214,u,ipu_107
it07,216,a,ipu_108
it07,218,a,ipu_109
it07,220,e,ipu_110
it07,222,i,ipu_111
it07,224,u,ipu_112
it07,226,u,ipu_113
it07,228,i,ipu_114
it07,230,e,ipu_115
it07,232,e,ipu_116
it07,234,u,ipu_117
it07,236,o,ipu_118
it07,238,e,ipu_119
it07,240,a,ipu_120
it07,242,u,ipu_121
it07,244,a,ipu_122
it07,246,i,ipu_123
it07,248,i,ipu_124
it07,250,a,ipu_125
it07,252,u,ipu_126
it07,254,a,ipu_127
it07,256,i,ipu_128
it07,258,e,ipu_129
it07,260,o,ipu_130
it07,262,o,ipu_131
it07,264,e,ipu_132
it07,266,i,ipu_133
it07,268,u,ipu_134
it07,270,o,ipu_135
it07,272,u,ipu_136
it07,274,e,ipu_137
it07,276,a,ipu_138
it07,278,i,ipu_139
it07,280,a,ipu_140
it07,282,e,ipu_141
it07,284,a,ipu_142
it07,286,i,ipu_143
it07,288,o,ipu_144
it07,290,a,ipu_145
it07,292,i,ipu_146
it07,294,u,ipu_147
it07,296,i,ipu_148
it07,298,e,ipu_149
it07,300,o,ipu_150
it07,302,i,ipu_151
it07,304,e,ipu_152
it07,306,O,ipu_154
it07,308,o,ipu_155
it07,310,i,ipu_156
it07,312,u,ipu_157
it07,314,o,ipu_158
it07,316,a,ipu_159
it07,318,e,ipu_160
it07,320,o,ipu_161
it07,322,i,ipu_162
it07,324,e,ipu_163
it07,326,u,ipu_164
it07,328,a,ipu_165
it07,330,o,ipu_166
it07,332,O,ipu_167
it07,334,i,ipu_168
it07,336,o,ipu_169
it07,338,i,ipu_170
it07,340,e,ipu_171
it07,342,i,ipu_172
it08,2,e,ipu_1
it08,4,i,ipu_2
it08,6,a,ipu_3
it08,8,O,ipu_4
it08,10,a,ipu_5
it08,12,o,ipu_6
it08,14,u,ipu_7
it08,16,u,ipu_8
it08,18,o,ipu_9
it08,20,u,ipu_10
it08,22,e,ipu_11
it08,24,u,ipu_12
it08,26,o,ipu_13
it08,28,a,ipu_14
it08,30,a,ipu_15
it08,32,u,ipu_16
it08,34,o,ipu_17
it08,36,e,ipu_18
it08,38,u,ipu_19
it08,40,i,ipu_20
it08,42,u,ipu_21
it08,44,u,ipu_22
it08,46,e,ipu_23
it08,48,O,ipu_24
it08,50,e,ipu_25
it08,52,a,ipu_26
it08,54,o,ipu_27
it08,56,o,ipu_28
it08,58,i,ipu_29
it08,60,e,ipu_30
it08,62,u,ipu_31
it08,64,i,ipu_32
it08,66,o,ipu_33
it08,68,u,ipu_34
it08,70,a,ipu_35
it08,72,a,ipu_36
it08,74,o,ipu_37
it08,76,e,ipu_38
it08,78,a,ipu_39
it08,80,a,ipu_40
it08,82,i,ipu_41
it08,84,a,ipu_42
it08,86,a,ipu_43
it08,88,e,ipu_44
it08,90,a,ipu_45
it08,92,e,ipu_46
it08,94,u,ipu_47
it08,96,a,ipu_48
it08,98,o,ipu_49
it08,100,u,ipu_50
it08,102,O,ipu_51
it08,104,i,ipu_52
it08,106,e,ipu_53
it08,108,i,ipu_54
it08,110,u,ipu_55
it08,112,o,ipu_56
it08,114,a,ipu_57
it08,116,u,ipu_58
it08,118,O,ipu_59
it08,120,e,ipu_60
it08,122,i,ipu_61
it08,124,i,ipu_62
it08,126,a,ipu_63
it08,128,i,ipu_64
it08,130,u,ipu_65
it08,132,e,ipu_66
it08,134,o,ipu_67
it08,136,a,ipu_68
it08,138,e,ipu_69
it08,140,e,ipu_70
it08,142,u,ipu_71
it08,144,e,ipu_72
it08,146,o,ipu_73
it08,148,e,ipu_74
it08,150,a,ipu_75
it08,152,u,ipu_76
it08,154,a,ipu_77
it08,156,i,ipu_78
it08,158,a,ipu_79
it08,160,i,ipu_80
it08,162,u,ipu_81
it08,164,u,ipu_82
it08,166,e,ipu_83
it08,168,e,ipu_84
it08,170,e,ipu_85
it08,172,a,ipu_86
it08,174,o,ipu_87
it08,176,u,ipu_88
it08,178,i,ipu_89
it08,180,O,ipu_90
it08,182,a,ipu_91
it08,184,o,ipu_92
it08,186,o,ipu_93
it08,188,O,ipu_94
it08,190,u,ipu_95
it08,192,e,ipu_96
it08,194,i,ipu_97
it08,196,e,ipu_98
it08,198,e,ipu_99
it08,200,i,ipu_100
it08,202,e,ipu_101
it08,204,a,ipu_102
it08,206,o,ipu_103
it08,208,e,ipu_104
it08,210,e,ipu_105
it08,212,a,ipu_106
it08,214,u,ipu_107
it08,216,i,ipu_108
it08,218,o,ipu_109
it08,220,u,ipu_110
it08,222,a,ipu_111
it08,224,i,ipu_112
it08,226,i,ipu_113
it08,228,e,ipu_114
it08,230,i,ipu_115
it08,232,i,ipu_116
it08,234,u,ipu_117
it08,236,o,ipu_118
it08,238,o,ipu_119
it08,240,a,ipu_120
it08,242,o,ipu_121
it08,244,i,ipu_122
it08,246,i,ipu_123
it08,248,u,ipu_124
it08,250,e,ipu_125
it08,252,u,ipu_126
it08,254,i,ipu_127
it08,256,u,ipu_128
it08,258,i,ipu_129
it08,260,i,ipu_130
it08,262,a,ipu_131
it08,264,o,ipu_132
it08,266,u,ipu_133
it08,268,e,ipu_134
it08,270,i,ipu_135
it08,272,u,ipu_136
it08,274,a,ipu_137
it08,276,o,ipu_138
it08,278,o,ipu_139
it08,280,u,ipu_140
it08,282,e,ipu_141
it08,284,i,ipu_142
it08,286,o,ipu_143
it08,288,o,ipu_144
it08,290,e,ipu_145
it08,292,u,ipu_146
it08,294,e,ipu_147
it08,296,a,ipu_148
it08,298,i,ipu_149
it08,300,u,ipu_150
it08,302,O,ipu_151
it08,304,i,ipu_152
it08,306,i,ipu_153
it08,308,o,ipu_154
it08,310,i,ipu_155
it08,312,a,ipu_156
it08,314,u,ipu_157
it08,316,i,ipu_158
it08,318,u,ipu_159
it08,320,a,ipu_160
it08,322,a,ipu_161
it08,324,i,ipu_162
it08,326,O,ipu_163
it08,328,i,ipu_164
it08,330,u,ipu_165
it08,332,a,ipu_166
it08,334,i,ipu_167
it08,336,o,ipu_168
it08,338,u,ipu_169
it08,340,i,ipu_170
it08,342,e,ipu_171
it08,344,O,ipu_172
it09,2,o,ipu_1
it09,4,i,ipu_2
it09,6,i,ipu_3
it09,8,u,ipu_4
it09,10,i,ipu_5
it09,12,a,ipu_6
it09,14,a,ipu_7
it09,16,e,ipu_8
it09,18,a,ipu_9
it09,20,o,ipu_10
it09,22,e,ipu_11
it09,24,o,ipu_12
it09,26,i,ipu_13
it09,28,u,ipu_14
it09,30,o,ipu_15
it09,32,e,ipu_16
it09,34,u,ipu_17
it09,36,a,ipu_18
it09,38,e,ipu_19
it09,40,i,ipu_20
it09,42,u,ipu_21
it09,44,e,ipu_22
it09,46,u,ipu_23
it09,48,i,ipu_24
it09,50,o,ipu_25
it09,52,e,ipu_26
it09,54,u,ipu_27
it09,56,e,ipu_28
it09,58,a,ipu_29
it09,60,e,ipu_30
it09,62,O,ipu_31
it09,64,i,ipu_32
it09,66,u,ipu_33
it09,68,u,ipu_34
it09,70,i,ipu_35
it09,72,u,ipu_36
it09,74,e,ipu_37
it09,76,a,ipu_38
it09,78,a,ipu_39
it09,80,u,ipu_40
it09,82,e,ipu_41
it09,84,u,ipu_42
it09,86,o,ipu_43
it09,88,i,ipu_44
it09,90,u,ipu_45
it09,92,u,ipu_46
it09,94,i,ipu_47
it09,96,a,ipu_48
it09,98,i,ipu_49
it09,100,u,ipu_50
it09,102,u,ipu_51
it09,104,e,ipu_52
it09,106,a,ipu_53
it09,108,u,ipu_54
it09,110,e,ipu_55
it09,112,e,ipu_56
it09,114,O,ipu_57
it09,116,i,ipu_58
it09,118,o,ipu_59
it09,120,a,ipu_60
it09,122,o,ipu_61
it09,124,u,ipu_62
it09,126,u,ipu_63
it09,128,a,ipu_64
it09,130,i,ipu_65
it09,132,i,ipu_66
it09,134,i,ipu_67
it09,136,o,ipu_68
it09,138,O,ipu_69
it09,140,a,ipu_70
it09,142,i,ipu_71
it09,144,u,ipu_72
it09,146,o,ipu_73
it09,148,e,ipu_74
it09,150,a,ipu_75
it09,152,e,ipu_76
it09,154,e,ipu_77
it09,156,a,ipu_78
it09,158,e,ipu_79
it09,160,i,ipu_80
it09,162,o,ipu_81
it09,164,o,ipu_82
it09,166,a,ipu_83
it09,168,a,ipu_84
it09,170,a,ipu_85
it09,172,O,ipu_86
it09,174,e,ipu_87
it09,176,a,ipu_88
it09,178,o,ipu_89
it09,180,i,ipu_90
it09,182,a,ipu_91
it09,184,o,ipu_92
it09,186,i,ipu_93
it09,188,i,ipu_94
it09,190,i,ipu_95
it09,192,a,ipu_96
it09,194,a,ipu_97
it09,196,a,ipu_98
it09,198,u,ipu_99
it09,200,o,ipu_100
it09,202,e,ipu_101
it09,204,i,ipu_102
it09,206,i,ipu_103
it09,208,O,ipu_104
it09,210,i,ipu_105
it09,212,u,ipu_106
it09,214,O,ipu_107
it09,216,e,ipu_108
it09,218,i,ipu_109
it09,220,e,ipu_110
it09,222,e,ipu_111
it09,224,e,ipu_112
it09,226,u,ipu_113
it09,228,a,ipu_114
it09,230,O,ipu_115
it09,232,u,ipu_116
it09,234,e,ipu_117
it09,236,u,ipu_118
it09,238,i,ipu_119
it09,240,O,ipu_120
it09,242,e,ipu_121
it09,244,e,ipu_122
it09,246,i,ipu_123
it09,248,e,ipu_124
it09,250,o,ipu_125
it09,252,a,ipu_126
it09,254,e,ipu_127
it09,256,i,ipu_128
it09,258,u,ipu_129
it09,260,i,ipu_130
it09,262,O,ipu_131
it09,264,e,ipu_132
it09,266,u,ipu_133
it09,268,u,ipu_134
it09,270,o,ipu_135
it09,272,i,ipu_136
it09,274,a,ipu_137
it09,276,a,ipu_138
it09,278,u,ipu_139
it09,280,i,ipu_140
it09,282,u,ipu_141
it09,284,a,ipu_142
it09,286,a,ipu_143
it09,288,u,ipu_144
it09,290,a,ipu_145
it09,292,o,ipu_146
it09,294,u,ipu_147
it09,296,i,ipu_148
it09,298,u,ipu_149
it09,300,i,ipu_150
it09,302,i,ipu_151
it09,304,u,ipu_152
it09,306,o,ipu_153
it09,308,i,ipu_154
it09,310,i,ipu_155
it09,312,e,ipu_156
it09,314,u,ipu_157
it09,316,O,ipu_158
it09,318,e,ipu_159
it09,320,o,ipu_160
it09,322,o,ipu_161
it09,324,i,ipu_162
it09,326,a,ipu_163
it09,328,e,ipu_164
it09,330,u,ipu_165
it09,332,i,ipu_166
it09,334,i,ipu_167
it09,336,a,ipu_168
it09,338,u,ipu_169
it09,340,i,ipu_170
it09,342,o,ipu_171
it09,344,a,ipu_172
it10,2,e,ipu_1
it10,4,o,ipu_2
it10,6,o,ipu_3
it10,8,i,ipu_4
it10,10,i,ipu_5
it10,12,e,ipu_6
it10,14,u,ipu_7
it10,16,u,ipu_8
it10,18,O,ipu_9
it10,20,a,ipu_10
it10,22,e,ipu_11
it10,24,a,ipu_12
it10,26,a,ipu_13
it10,28,u,ipu_14
it10,30,a,ipu_15
it10,32,u,ipu_16
it10,34,a,ipu_17
it10,36,O,ipu_18
it10,38,e,ipu_19
it10,40,e,ipu_20
it10,42,u,ipu_21
it10,44,i,ipu_22
it10,46,i,ipu_23
it10,48,o,ipu_24
it10,50,a,ipu_25
it10,52,u,ipu_26
it10,54,i,ipu_27
it10,56,a,ipu_28
it10,58,e,ipu_29
it10,60,a,ipu_30
it10,62,e,ipu_31
it10,64,e,ipu_32
it10,66,a,ipu_33
it10,68,u,ipu_34
it10,70,a,ipu_35
it10,72,O,ipu_36
it10,74,u,ipu_37
it10,76,a,ipu_38
it10,78,e,ipu_39
it10,80,O,ipu_40
it10,82,e,ipu_41
it10,84,u,ipu_42
it10,86,e,ipu_43
it10,88,u,ipu_44
it10,90,u,ipu_45
it10,92,e,ipu_46
it10,94,e,ipu_47
it10,96,O,ipu_48
it10,98,u,ipu_49
it10,100,a,ipu_50
it10,102,o,ipu_51
it10,104,i,ipu_52
it10,106,u,ipu_53
it10,108,i,ipu_54
it10,110,i,ipu_55
it10,112,i,ipu_56
it10,114,o,ipu_57
it10,116,o,ipu_58
it10,118,i,ipu_59
it10,120,e,ipu_60
it10,122,o,ipu_61
it10,124,O,ipu_62
it10,126,o,ipu_63
it10,128,u,ipu_64
it10,130,a,ipu_65
it10,132,a,ipu_66
it10,134,u,ipu_67
it10,136,e,ipu_68
it10,138,o,ipu_69
it10,140,o,ipu_70
it10,142,i,ipu_71
it10,144,i,ipu_72
it10,146,o,ipu_73
it10,148,i,ipu_74
it10,150,u,ipu_75
it10,152,u,ipu_76
it10,154,i,ipu_77
it10,156,u,ipu_78
it10,158,u,ipu_79
it10,160,i,ipu_80
it10,162,a,ipu_81
it10,164,a,ipu_82
it10,166,i,ipu_83
it10,168,o,ipu_84
it10,170,o,ipu_85
it10,172,u,ipu_86
it10,174,O,ipu_87
it10,176,o,ipu_88
it10,178,u,ipu_89
it10,180,e,ipu_90
it10,182,i,ipu_91
it10,184,u,ipu_92
it10,186,i,ipu_93
it10,188,a,ipu_94
it10,190,o,ipu_95
it10,192,i,ipu_96
it10,194,o,ipu_97
it10,196,e,ipu_98
it10,198,a,ipu_99
it10,200,i,ipu_100
it10,202,e,ipu_101
it10,204,O,ipu_102
it10,206,o,ipu_103
it10,208,i,ipu_104
it10,210,i,ipu_105
it10,212,e,ipu_106
it10,214,i,ipu_107
it10,216,i,ipu_108
it10,218,a,ipu_109
it10,220,u,ipu_110
it10,222,O,ipu_111
it10,224,a,ipu_112
it10,226,a,ipu_113
it10,228,o,ipu_114
it10,230,e,ipu_115
it10,232,e,ipu_116
it10,234,e,ipu_117
it10,236,i,ipu_118
it10,238,e,ipu_119
it10,240,i,ipu_120
it10,242,o,ipu_121
it10,244,a,ipu_122
it10,246,e,ipu_123
it10,248,e,ipu_124
it10,250,u,ipu_125
it10,252,a,ipu_126
it10,254,i,ipu_127
it10,256,a,ipu_128
it10,258,i,ipu_129
it10,260,i,ipu_130
it10,262,u,ipu_131
it10,264,e,ipu_132
it10,266,e,ipu_133
it10,268,a,ipu_134
it10,270,a,ipu_135
it10,272,o,ipu_136
it10,274,e,ipu_137
it10,276,i,ipu_138
it10,278,u,ipu_139
it10,280,a,ipu_140
it10,282,e,ipu_141
it10,284,u,ipu_142
it10,286,u,ipu_143
it10,288,i,ipu_144
it10,290,e,ipu_145
it10,292,a,ipu_146
it10,294,u,ipu_147
it10,296,o,ipu_148
it10,298,O,ipu_149
it10,300,o,ipu_150
it10,302,u,ipu_151
it10,304,u,ipu_152
it10,306,o,ipu_153
it10,308,u,ipu_154
it10,310,e,ipu_155
it10,312,u,ipu_156
it10,314,e,ipu_157
it10,316,o,ipu_158
it10,318,o,ipu_159
it10,320,O,ipu_160
it10,322,a,ipu_161
it10,324,i,ipu_162
it10,326,i,ipu_163
it10,328,u,ipu_164
it10,330,a,ipu_165
it10,332,i,ipu_166
it10,334,i,ipu_167
it10,336,a,ipu_168
it10,338,i,ipu_169
it10,340,u,ipu_170
it10,342,u,ipu_171
it10,344,a,ipu_172
it11,2,i,ipu_1
it11,4,u,ipu_2
it11,6,a,ipu_3
it11,8,o,ipu_4
it11,10,a,ipu_5
it11,12,O,ipu_6
it11,14,e,ipu_7
it11,16,e,ipu_8
it11,18,a,ipu_9
it11,20,e,ipu_10
it11,22,a,ipu_11
it11,24,u,ipu_12
it11,26,O,ipu_13
it11,28,a,ipu_14
it11,30,e,ipu_15
it11,32,o,ipu_16
it11,34,a,ipu_17
it11,36,o,ipu_18
it11,38,i,ipu_19
it11,40,i,ipu_20
it11,42,i,ipu_21
it11,44,i,ipu_22
it11,46,u,ipu_23
it11,48,i,ipu_24
it11,50,a,ipu_25
it11,52,a,ipu_26
it11,54,u,ipu_27
it11,56,e,ipu_28
it11,58,i,ipu_29
it11,60,i,ipu_30
it11,62,u,ipu_31
it11,64,i,ipu_32
it11,66,u,ipu_33
it11,68,i,ipu_34
it11,70,e,ipu_35
it11,72,e,ipu_36
it11,74,O,ipu_37
it11,76,i,ipu_38
it11,78,u,ipu_39
it11,80,i,ipu_40
it11,82,i,ipu_41
it11,84,a,ipu_42
it11,86,a,ipu_43
it11,88,e,ipu_44
it11,90,o,ipu_45
it11,92,a,ipu_46
it11,94,a,ipu_47
it11,96,u,ipu_48
it11,98,a,ipu_49
it11,100,i,ipu_50
it11,102,e,ipu_51
it11,104,a,ipu_52
it11,106,u,ipu_53
it11,108,u,ipu_54
it11,110,e,ipu_55
it11,112,i,ipu_56
it11,114,u,ipu_57
it11,116,u,ipu_58
it11,118,a,ipu_59
it11,120,i,ipu_60
it11,122,i,ipu_61
it11,124,i,ipu_62
it11,126,e,ipu_63
it11,128,u,ipu_64
it11,130,a,ipu_65
it11,132,u,ipu_66
it11,134,o,ipu_67
it11,136,O,ipu_68
it11,138,o,ipu_69
it11,140,a,ipu_70
it11,142,i,ipu_71
it11,144,u,ipu_72
it11,146,a,ipu_73
it11,148,O,ipu_74
it11,150,a,ipu_75
it11,152,o,ipu_76
it11,154,i,ipu_77
it11,156,i,ipu_78
it11,158,o,ipu_79
it11,160,i,ipu_80
it11,162,e,ipu_81
it11,164,a,ipu_82
it11,166,u,ipu_83
it11,168,u,ipu_84
it11,170,i,ipu_85
it11,172,i,ipu_86
it11,174,e,ipu_87
it11,176,O,ipu_88
it11,178,a,ipu_89
it11,180,o,ipu_90
it11,182,i,ipu_91
it11,184,a,ipu_92
it11,186,e,ipu_93
it11,188,i,ipu_94
it11,190,e,ipu_95
it11,192,o,ipu_96
it11,194,a,ipu_97
it11,196,u,ipu_98
it11,198,e,ipu_99
it11,200,O,ipu_100
it11,202,e,ipu_101
it11,204,u,ipu_102
it11,206,e,ipu_103
it11,208,e,ipu_104
it11,210,u,ipu_105
it11,212,a,ipu_106
it11,214,u,ipu_107
it11,216,o,ipu_108
it11,218,o,ipu_109
it11,220,a,ipu_110
it11,222,i,ipu_111
it11,224,o,ipu_112
it11,226,e,ipu_113
it11,228,u,ipu_114
it11,230,O,ipu_115
it11,232,i,ipu_116
it11,234,u,ipu_117
it11,236,o,ipu_118
it11,238,a,ipu_119
it11,240,e,ipu_120
it11,242,u,ipu_121
it11,244,u,ipu_122
it11,246,e,ipu_123
it11,248,u,ipu_124
it11,250,u,ipu_125
it11,252,i,ipu_126
it11,254,O,ipu_127
it11,256,u,ipu_128
it11,258,O,ipu_129
it11,260,e,ipu_130
it11,262,i,ipu_131
it11,264,e,ipu_132
it11,266,i,ipu_133
it11,268,o,ipu_134
it11,270,u,ipu_135
it11,272,i,ipu_136
it11,274,u,ipu_137
it11,276,i,ipu_138
it11,278,i,ipu_139
it11,280,o,ipu_140
it11,282,u,ipu_141
it11,284,e,ipu_142
it11,286,e,ipu_143
it11,288,i,ipu_144
it11,290,e,ipu_145
it11,292,i,ipu_146
it11,294,a,ipu_147
it11,296,e,ipu_148
it11,298,i,ipu_149
it11,300,e,ipu_150
it11,302,e,ipu_151
it11,304,a,ipu_152
it11,306,o,ipu_153
it11,308,o,ipu_154
it11,310,e,ipu_155
it11,312,u,ipu_156
it11,314,a,ipu_157
it11,316,o,ipu_158
it11,318,u,ipu_159
it11,320,a,ipu_160
it11,322,u,ipu_161
it11,324,i,ipu_162
it11,326,u,ipu_163
it11,328,i,ipu_164
it11,330,O,ipu_165
it11,332,a,ipu_166
it11,334,o,ipu_167
it11,336,e,ipu_168
it11,338,i,ipu_169
it11,340,a,ipu_170
it11,342,u,ipu_171
it11,344,o,ipu_172
it12,2,a,ipu_1
it12,4,i,ipu_2
it12,6,e,ipu_3
it12,8,a,ipu_4
it12,10,i,ipu_5
it12,12,i,ipu_6
it12,14,u,ipu_7
it12,16,u,ipu_8
it12,18,e,ipu_9
it12,20,a,ipu_10
it12,22,O,ipu_11
it12,24,u,ipu_12
it12,26,a,ipu_13
it12,28,u,ipu_14
it12,30,e,ipu_15
it12,32,i,ipu_16
it12,34,i,ipu_17
it12,36,i,ipu_18
it12,38,a,ipu_19
it12,40,i,ipu_20
it12,42,e,ipu_21
it12,44,a,ipu_22
it12,46,e,ipu_23
it12,48,o,ipu_24
it12,50,a,ipu_25
it12,52,i,ipu_26
it12,54,e,ipu_27
it12,56,u,ipu_28
it12,58,o,ipu_29
it12,60,u,ipu_30
it12,62,i,ipu_31
it12,64,O,ipu_32
it12,66,u,ipu_33
it12,68,e,ipu_34
it12,70,e,ipu_35
it12,72,u,ipu_36
it12,74,u,ipu_37
it12,76,u,ipu_38
it12,78,u,ipu_39
it12,80,e,ipu_40
it12,82,i,ipu_41
it12,84,a,ipu_42
it12,86,e,ipu_43
it12,88,i,ipu_44
it12,90,i,ipu_45
it12,92,a,ipu_46
it12,94,i,ipu_47
it12,96,e,ipu_48
it12,98,o,ipu_49
it12,100,i,ipu_50
it12,102,u,ipu_51
it12,104,a,ipu_52
it12,106,o,ipu_53
it12,108,u,ipu_55
it12,110,e,ipu_56
it12,112,e,ipu_57
it12,114,i,ipu_58
it12,116,e,ipu_59
it12,118,i,ipu_60
it12,120,a,ipu_61
it12,122,i,ipu_62
it12,124,e,ipu_63
it12,126,i,ipu_64
it12,128,i,ipu_65
it12,130,u,ipu_66
it12,132,i,ipu_67
it12,134,o,ipu_68
it12,136,a,ipu_69
it12,138,o,ipu_70
it12,140,e,ipu_71
it12,142,i,ipu_72
it12,144,O,ipu_73
it12,146,e,ipu_74
it12,148,O,ipu_75
it12,150,i,ipu_76
it12,152,e,ipu_77
it12,154,o,ipu_78
it12,156,a,ipu_79
it12,158,e,ipu_80
it12,160,i,ipu_81
it12,162,i,ipu_82
it12,164,i,ipu_83
it12,166,e,ipu_84
it12,168,o,ipu_85
it12,170,e,ipu_86
it12,172,u,ipu_87
it12,174,o,ipu_88
it12,176,e,ipu_89
it12,178,o,ipu_90
it12,180,o,ipu_91
it12,182,i,ipu_92
it12,184,u,ipu_93
it12,186,o,ipu_94
it12,188,e,ipu_95
it12,190,a,ipu_96
it12,192,o,ipu_97
it12,194,u,ipu_98
it12,196,O,ipu_99
it12,198,o,ipu_100
it12,200,u,ipu_101
it12,202,u,ipu_102
it12,204,o,ipu_103
it12,206,i,ipu_104
it12,208,a,ipu_105
it12,210,i,ipu_106
it12,212,o,ipu_108
it12,214,u,ipu_109
it12,216,O,ipu_110
it12,218,a,ipu_111
it12,220,u,ipu_112
it12,222,o,ipu_113
it12,224,a,ipu_114
it12,226,o,ipu_115
it12,228,a,ipu_116
it12,230,u,ipu_117
it12,232,O,ipu_118
it12,234,u,ipu_119
it12,236,u,ipu_120
it12,238,a,ipu_121
it12,240,u,ipu_122
it12,242,a,ipu_123
it12,244,a,ipu_124
it12,246,a,ipu_125
it12,248,u,ipu_126
it12,250,e,ipu_127
it12,252,e,ipu_128
it12,254,e,ipu_129
it12,256,u,ipu_130
it12,258,e,ipu_131
it12,260,e,ipu_132
it12,262,o,ipu_133
it12,264,O,ipu_134
it12,266,o,ipu_135
it12,268,u,ipu_136
it12,270,u,ipu_137
it12,272,o,ipu_138
it12,274,a,ipu_139
it12,276,e,ipu_140
it12,278,a,ipu_141
it12,280,u,ipu_142
it12,282,a,ipu_143
it12,284,o,ipu_144
it12,286,u,ipu_145
it12,288,o,ipu_146
it12,290,o,ipu_147
it12,292,O,ipu_148
it12,294,e,ipu_149
it12,296,i,ipu_150
it12,298,i,ipu_151
it12,300,a,ipu_152
it12,302,o,ipu_153
it12,304,a,ipu_154
it12,306,u,ipu_155
it12,308,o,ipu_156
it12,310,u,ipu_157
it12,312,a,ipu_158
it12,314,i,ipu_159
it12,316,i,ipu_160
it12,318,a,ipu_161
it12,320,e,ipu_162
it12,322,i,ipu_163
it12,324,u,ipu_164
it12,326,u,ipu_165
it12,328,a,ipu_166
it12,330,e,ipu_167
it12,332,O,ipu_168
it12,334,i,ipu_169
it12,336,u,ipu_170
it12,338,a,ipu_171
it12,340,a,ipu_172
it13,2,i,ipu_1
it13,4,a,ipu_2
it13,6,e,ipu_3
it13,8,i,ipu_4
it13,10,u,ipu_5
it13,12,a,ipu_6
it13,14,u,ipu_7
it13,16,e,ipu_8
it13,18,e,ipu_9
it13,20,O,ipu_10
it13,22,u,ipu_11
it13,24,i,ipu_12
it13,26,i,ipu_13
it13,28,e,ipu_14
it13,30,i,ipu_15
it13,32,u,ipu_16
it13,34,a,ipu_17
it13,36,o,ipu_18
it13,38,O,ipu_19
it13,40,a,ipu_20
it13,42,i,ipu_21
it13,44,o,ipu_22
it13,46,i,ipu_23
it13,48,i,ipu_24
it13,50,a,ipu_25
it13,52,a,ipu_26
it13,54,e,ipu_27
it13,56,o,ipu_28
it13,58,o,ipu_29
it13,60,u,ipu_30
it13,62,i,ipu_31
it13,64,i,ipu_32
it13,66,i,ipu_33
it13,68,e,ipu_34
it13,70,u,ipu_35
it13,72,u,ipu_36
it13,74,u,ipu_37
it13,76,e,ipu_38
it13,78,u,ipu_39
it13,80,i,ipu_40
it13,82,o,ipu_41
it13,84,a,ipu_42
it13,86,u,ipu_43
it13,88,o,ipu_44
it13,90,o,ipu_45
it13,92,e,ipu_46
it13,94,e,ipu_47
it13,96,O,ipu_48
it13,98,e,ipu_49
it13,100,u,ipu_50
it13,102,a,ipu_51
it13,104,o,ipu_52
it13,106,a,ipu_53
it13,108,u,ipu_54
it13,110,e,ipu_55
it13,112,o,ipu_56
it13,114,u,ipu_57
it13,116,i,ipu_58
it13,118,i,ipu_59
it13,120,o,ipu_60
it13,122,e,ipu_61
it13,124,u,ipu_62
it13,126,o,ipu_63
it13,128,a,ipu_64
it13,130,u,ipu_65
it13,132,e,ipu_66
it13,134,i,ipu_67
it13,136,i,ipu_68
it13,138,o,ipu_69
it13,140,a,ipu_70
it13,142,i,ipu_71
it13,144,o,ipu_72
it13,146,i,ipu_73
it13,148,e,ipu_74
it13,150,i,ipu_75
it13,152,i,ipu_76
it13,154,u,ipu_77
it13,156,i,ipu_78
it13,158,o,ipu_79
it13,160,e,ipu_80
it13,162,i,ipu_81
it13,164,a,ipu_82
it13,166,e,ipu_83
it13,168,a,ipu_84
it13,170,o,ipu_85
it13,172,o,ipu_86
it13,174,O,ipu_87
it13,176,a,ipu_88
it13,178,u,ipu_89
it13,180,u,ipu_90
it13,182,u,ipu_91
it13,184,a,ipu_92
it13,186,o,ipu_93
it13,188,u,ipu_94
it13,190,i,ipu_95
it13,192,i,ipu_96
it13,194,e,ipu_97
it13,196,a,ipu_98
it13,198,i,ipu_99
it13,200,o,ipu_100
it13,202,u,ipu_101
it13,204,i,ipu_102
it13,206,u,ipu_103
it13,208,i,ipu_104
it13,210,a,ipu_105
it13,212,i,ipu_106
it13,214,u,ipu_107
it13,216,i,ipu_108
it13,218,O,ipu_109
it13,220,a,ipu_110
it13,222,u,ipu_112
it13,224,a,ipu_113
it13,226,O,ipu_114
it13,228,i,ipu_115
it13,230,a,ipu_116
it13,232,i,ipu_117
it13,234,i,ipu_118
it13,236,e,ipu_119
it13,238,i,ipu_120
it13,240,e,ipu_121
it13,242,o,ipu_122
it13,244,u,ipu_123
it13,246,a,ipu_124
it13,248,e,ipu_125
it13,250,u,ipu_126
it13,252,o,ipu_127
it13,254,a,ipu_128
it13,256,e,ipu_129
it13,258,a,ipu_130
it13,260,e,ipu_131
it13,262,o,ipu_132
it13,264,i,ipu_133
it13,266,e,ipu_134
it13,268,o,ipu_135
it13,270,O,ipu_136
it13,272,a,ipu_137
it13,274,e,ipu_138
it13,276,a,ipu_139
it13,278,a,ipu_140
it13,280,e,ipu_141
it13,282,e,ipu_142
it13,284,e,ipu_143
it13,286,u,ipu_144
it13,288,o,ipu_145
it13,290,u,ipu_146
it13,292,u,ipu_147
it13,294,e,ipu_148
it13,296,i,ipu_149
it13,298,u,ipu_150
it13,300,u,ipu_151
it13,302,a,ipu_152
it13,304,i,ipu_153
it13,306,e,ipu_154
it13,308,e,ipu_155
it13,310,a,ipu_156
it13,312,u,ipu_157
it13,314,i,ipu_158
it13,316,O,ipu_159
it13,318,i,ipu_160
it13,320,a,ipu_161
it13,322,e,ipu_162
it13,324,u,ipu_163
it13,326,a,ipu_164
it13,328,i,ipu_165
it13,330,o,ipu_166
it13,332,a,ipu_167
it13,334,e,ipu_168
it13,336,u,ipu_169
it13,338,a,ipu_170
it13,340,u,ipu_171
it13,342,u,ipu_172
it14,2,a,ipu_1
it14,4,o,ipu_2
it14,6,e,ipu_3
it14,8,e,ipu_4
it14,10,u,ipu_5
it14,12,i,ipu_6
it14,14,u,ipu_7
it14,16,u,ipu_8
it14,18,e,ipu_9
it14,20,i,ipu_10
it14,22,o,ipu_11
it14,24,i,ipu_12
it14,26,e,ipu_13
it14,28,i,ipu_14
it14,30,o,ipu_15
it14,32,o,ipu_16
it14,34,u,ipu_17
it14,36,e,ipu_18
it14,38,e,ipu_19
it14,40,e,ipu_20
it14,42,o,ipu_21
it14,44,i,ipu_22
it14,46,e,ipu_23
it14,48,i,ipu_24
it14,50,a,ipu_25
it14,52,e,ipu_26
it14,54,a,ipu_27
it14,56,i,ipu_28
it14,58,i,ipu_29
it14,60,i,ipu_30
it14,62,a,ipu_31
it14,64,e,ipu_32
it14,66,a,ipu_33
it14,68,e,ipu_34
it14,70,O,ipu_35
it14,72,i,ipu_36
it14,74,e,ipu_37
it14,76,i,ipu_38
it14,78,i,ipu_39
it14,80,e,ipu_40
it14,82,O,ipu_41
it14,84,o,ipu_42
it14,86,e,ipu_43
it14,88,u,ipu_44
it14,90,u,ipu_45
it14,92,o,ipu_46
it14,94,i,ipu_47
it14,96,i,ipu_48
it14,98,u,ipu_49
it14,100,a,ipu_50
it14,102,a,ipu_51
it14,104,o,ipu_52
it14,106,u,ipu_53
it14,108,a,ipu_54
it14,110,a,ipu_55
it14,112,a,ipu_56
it14,114,u,ipu_57
it14,116,i,ipu_58
it14,118,e,ipu_59
it14,120,e,ipu_60
it14,122,i,ipu_61
it14,124,u,ipu_62
it14,126,e,ipu_63
it14,128,a,ipu_64
it14,130,i,ipu_65
it14,132,u,ipu_66
it14,134,a,ipu_67
it14,136,u,ipu_68
it14,138,e,ipu_69
it14,140,a,ipu_70
it14,142,a,ipu_71
it14,144,o,ipu_72
it14,146,i,ipu_73
it14,148,i,ipu_74
it14,150,a,ipu_75
it14,152,i,ipu_76
it14,154,e,ipu_77
it14,156,i,ipu_78
it14,158,u,ipu_79
it14,160,i,ipu_80
it14,162,u,ipu_81
it14,164,a,ipu_82
it14,166,a,ipu_83
it14,168,a,ipu_84
it14,170,o,ipu_85
it14,172,O,ipu_86
it14,174,u,ipu_87
it14,176,e,ipu_88
it14,178,o,ipu_89
it14,180,i,ipu_90
it14,182,u,ipu_91
it14,184,o,ipu_92
it14,186,u,ipu_93
it14,188,O,ipu_94
it14,190,o,ipu_95
it14,192,i,ipu_96
it14,194,a,ipu_97
it14,196,e,ipu_98
it14,198,i,ipu_99
it14,200,a,ipu_100
it14,202,e,ipu_101
it14,204,O,ipu_102
it14,206,a,ipu_103
it14,208,u,ipu_104
it14,210,u,ipu_105
it14,212,a,ipu_106
it14,214,a,ipu_107
it14,216,i,ipu_108
it14,218,o,ipu_109
it14,220,u,ipu_110
it14,222,o,ipu_111
it14,224,a,ipu_112
it14,226,i,ipu_113
it14,228,u,ipu_114
it14,230,u,ipu_115
it14,232,a,ipu_116
it14,234,o,ipu_117
it14,236,u,ipu_118
it14,238,a,ipu_119
it14,240,u,ipu_120
it14,242,o,ipu_121
it14,244,o,ipu_122
it14,246,i,ipu_123
it14,248,e,ipu_124
it14,250,a,ipu_125
it14,252,a,ipu_126
it14,254,u,ipu_127
it14,256,a,ipu_128
it14,258,i,ipu_129
it14,260,a,ipu_130
it14,262,u,ipu_131
it14,264,e,ipu_132
it14,266,i,ipu_133
it14,268,e,ipu_134
it14,270,o,ipu_135
it14,272,u,ipu_136
it14,274,i,ipu_137
it14,276,e,ipu_138
it14,278,e,ipu_139
it14,280,O,ipu_140
it14,282,e,ipu_141
it14,284,u,ipu_142
it14,286,e,ipu_143
it14,288,O,ipu_144
it14,290,i,ipu_145
it14,292,u,ipu_146
it14,294,i,ipu_147
it14,296,o,ipu_148
it14,298,e,ipu_149
it14,300,o,ipu_150
it14,302,O,ipu_151
it14,304,u,ipu_152
it14,306,o,ipu_153
it14,308,u,ipu_154
it14,310,i,ipu_155
it14,312,i,ipu_156
it14,314,i,ipu_157
it14,316,O,ipu_158
it14,318,e,ipu_159
it14,320,i,ipu_160
it14,322,a,ipu_161
it14,324,i,ipu_162
it14,326,u,ipu_163
it14,328,i,ipu_164
it14,330,u,ipu_165
it14,332,O,ipu_166
it14,334,u,ipu_167
it14,336,a,ipu_168
it14,338,u,ipu_169
it14,340,e,ipu_170
it14,342,i,ipu_171
it14,344,u,ipu_172
it15,2,i,ipu_1
it15,4,o,ipu_2
it15,6,o,ipu_3
it15,8,u,ipu_4
it15,10,o,ipu_5
it15,12,a,ipu_6
it15,14,o,ipu_7
it15,16,u,ipu_8
it15,18,u,ipu_9
it15,20,i,ipu_10
it15,22,e,ipu_11
it15,24,u,ipu_12
it15,26,O,ipu_13
it15,28,O,ipu_14
it15,30,o,ipu_15
it15,32,u,ipu_16
it15,34,i,ipu_17
it15,36,i,ipu_18
it15,38,a,ipu_19
it15,40,i,ipu_20
it15,42,e,ipu_21
it15,44,a,ipu_22
it15,46,u,ipu_23
it15,48,a,ipu_24
it15,50,u,ipu_25
it15,52,e,ipu_26
it15,54,a,ipu_27
it15,56,a,ipu_28
it15,58,O,ipu_29
it15,60,i,ipu_30
it15,62,a,ipu_31
it15,64,i,ipu_32
it15,66,a,ipu_33
it15,68,u,ipu_34
it15,70,a,ipu_35
it15,72,o,ipu_36
it15,74,o,ipu_37
it15,76,a,ipu_38
it15,78,u,ipu_40
it15,80,a,ipu_41
it15,82,u,ipu_42
it15,84,i,ipu_45
it15,86,o,ipu_46
it15,88,o,ipu_47
it15,90,a,ipu_48
it15,92,u,ipu_49
it15,94,u,ipu_50
it15,96,o,ipu_51
it15,98,u,ipu_52
it15,100,a,ipu_53
it15,102,i,ipu_54
it15,104,i,ipu_55
it15,106,e,ipu_56
it15,108,e,ipu_57
it15,110,a,ipu_58
it15,112,a,ipu_59
it15,114,i,ipu_60
it15,116,u,ipu_61
it15,118,e,ipu_62
it15,120,o,ipu_63
it15,122,e,ipu_64
it15,124,a,ipu_65
it15,126,i,ipu_66
it15,128,u,ipu_67
it15,130,a,ipu_68
it15,132,o,ipu_69
it15,134,i,ipu_70
it15,136,e,ipu_71
it15,138,O,ipu_72
it15,140,u,ipu_73
it15,142,o,ipu_74
it15,144,e,ipu_75
it15,146,i,ipu_76
it15,148,O,ipu_77
it15,150,u,ipu_78
it15,152,o,ipu_79
it15,154,i,ipu_80
it15,156,u,ipu_81
it15,158,i,ipu_82
it15,160,i,ipu_83
it15,162,o,ipu_84
it15,164,e,ipu_85
it15,166,O,ipu_86
it15,168,i,ipu_87
it15,170,e,ipu_88
it15,172,o,ipu_89
it15,174,u,ipu_90
it15,176,a,ipu_91
it15,178,e,ipu_92
it15,180,e,ipu_93
it15,182,i,ipu_94
it15,184,u,ipu_95
it15,186,i,ipu_96
it15,188,e,ipu_97
it15,190,i,ipu_98
it15,192,o,ipu_99
it15,194,e,ipu_100
it15,196,e,ipu_101
it15,198,a,ipu_102
it15,200,i,ipu_103
it15,202,e,ipu_104
it15,204,u,ipu_105
it15,206,u,ipu_106
it15,208,e,ipu_107
it15,210,i,ipu_108
it15,212,a,ipu_109
it15,214,a,ipu_110
it15,216,e,ipu_111
it15,218,u,ipu_112
it15,220,u,ipu_113
it15,222,o,ipu_114
it15,224,i,ipu_115
it15,226,u,ipu_116
it15,228,a,ipu_117
it15,230,O,ipu_118
it15,232,i,ipu_119
it15,234,O,ipu_120
it15,236,a,ipu_121
it15,238,i,ipu_122
it15,240,O,ipu_123
it15,242,e,ipu_124
it15,244,e,ipu_125
it15,246,o,ipu_126
it15,248,u,ipu_127
it15,250,a,ipu_128
it15,252,u,ipu_130
it15,254,i,ipu_131
it15,256,o,ipu_132
it15,258,a,ipu_133
it15,260,u,ipu_134
it15,262,i,ipu_135
it15,264,e,ipu_136
it15,266,i,ipu_137
it15,268,i,ipu_138
it15,270,e,ipu_139
it15,272,i,ipu_140
it15,274,o,ipu_141
it15,276,i,ipu_142
it15,278,u,ipu_143
it15,280,u,ipu_144
it15,282,o,ipu_145
it15,284,e,ipu_146
it15,286,u,ipu_147
it15,288,e,ipu_148
it15,290,a,ipu_149
it15,292,u,ipu_150
it15,294,a,ipu_151
it15,296,u,ipu_152
it15,298,o,ipu_153
it15,300,u,ipu_154
it15,302,u,ipu_155
it15,304,e,ipu_156
it15,306,i,ipu_157
it15,308,O,ipu_158
it15,310,a,ipu_159
it15,312,e,ipu_160
it15,314,o,ipu_161
it15,316,i,ipu_162
it15,318,O,ipu_163
it15,320,a,ipu_164
it15,322,e,ipu_165
it15,324,u,ipu_166
it15,326,e,ipu_167
it15,328,o,ipu_168
it15,330,a,ipu_169
it15,332,e,ipu_170
it15,334,i,ipu_171
it16,2,e,ipu_1
it16,4,o,ipu_2
it16,6,u,ipu_3
it16,8,a,ipu_4
it16,10,u,ipu_5
it16,12,o,ipu_6
it16,14,o,ipu_7
it16,16,i,ipu_8
it16,18,a,ipu_9
it16,20,o,ipu_10
it16,22,u,ipu_11
it16,24,e,ipu_12
it16,26,a,ipu_13
it16,28,i,ipu_14
it16,30,o,ipu_15
it16,32,o,ipu_16
it16,34,a,ipu_17
it16,36,e,ipu_18
it16,38,o,ipu_19
it16,40,i,ipu_20
it16,42,u,ipu_21
it16,44,e,ipu_22
it16,46,u,ipu_23
it16,48,u,ipu_24
it16,50,O,ipu_25
it16,52,i,ipu_26
it16,54,O,ipu_27
it16,56,i,ipu_28
it16,58,e,ipu_29
it16,60,u,ipu_30
it16,62,e,ipu_31
it16,64,a,ipu_32
it16,66,i,ipu_33
it16,68,u,ipu_34
it16,70,i,ipu_35
it16,72,a,ipu_36
it16,74,i,ipu_37
it16,76,o,ipu_38
it16,78,e,ipu_39
it16,80,e,ipu_40
it16,82,o,ipu_41
it16,84,u,ipu_42
it16,86,o,ipu_43
it16,88,e,ipu_44
it16,90,i,ipu_45
it16,92,u,ipu_46
it16,94,a,ipu_47
it16,96,u,ipu_48
it16,98,u,ipu_49
it16,100,a,ipu_50
it16,102,o,ipu_51
it16,104,e,ipu_52
it16,106,i,ipu_53
it16,108,u,ipu_54
it16,110,u,ipu_55
it16,112,a,ipu_56
it16,114,e,ipu_57
it16,116,a,ipu_58
it16,118,a,ipu_59
it16,120,o,ipu_60
it16,122,e,ipu_61
it16,124,e,ipu_62
it16,126,O,ipu_63
it16,128,i,ipu_64
it16,130,e,ipu_65
it16,132,a,ipu_66
it16,134,e,ipu_67
it16,136,u,ipu_68
it16,138,u,ipu_69
it16,140,u,ipu_70
it16,142,i,ipu_71
it16,144,i,ipu_72
it16,146,e,ipu_73
it16,148,u,ipu_74
it16,150,O,ipu_75
it16,152,e,ipu_76
it16,154,o,ipu_77
it16,156,e,ipu_78
it16,158,e,ipu_79
it16,160,i,ipu_80
it16,162,u,ipu_81
it16,164,a,ipu_83
it16,166,e,ipu_84
it16,168,i,ipu_85
it16,170,e,ipu_86
it16,172,i,ipu_87
it16,174,i,ipu_88
it16,176,i,ipu_89
it16,178,u,ipu_90
it16,180,a,ipu_91
it16,182,e,ipu_92
it16,184,a,ipu_93
it16,186,a,ipu_94
it16,188,a,ipu_95
it16,190,i,ipu_96
it16,192,u,ipu_97
it16,194,i,ipu_98
it16,196,u,ipu_99
it16,198,o,ipu_100
it16,200,o,ipu_101
it16,202,a,ipu_102
it16,204,u,ipu_103
it16,206,o,ipu_104
it16,208,a,ipu_105
it16,210,O,ipu_106
it16,212,o,ipu_107
it16,214,i,ipu_108
it16,216,a,ipu_109
it16,218,e,ipu_110
it16,220,e,ipu_111
it16,222,o,ipu_112
it16,224,e,ipu_113
it16,226,i,ipu_114
it16,228,a,ipu_115
it16,230,a,ipu_116
it16,232,e,ipu_117
it16,234,i,ipu_118
it16,236,e,ipu_119
it16,238,i,ipu_120
it16,240,a,ipu_121
it16,242,e,ipu_122
it16,244,u,ipu_123
it16,246,O,ipu_124
it16,248,i,ipu_125
it16,250,o,ipu_126
it16,252,a,ipu_127
it16,254,u,ipu_128
it16,256,i,ipu_129
it16,258,u,ipu_130
it16,260,o,ipu_131
it16,262,u,ipu_132
it16,264,a,ipu_133
it16,266,a,ipu_134
it16,268,i,ipu_135
it16,270,o,ipu_136
it16,272,e,ipu_137
it16,274,e,ipu_138
it16,276,a,ipu_139
it16,278,o,ipu_140
it16,280,O,ipu_141
it16,282,u,ipu_142
it16,284,o,ipu_143
it16,286,i,ipu_144
it16,288,u,ipu_145
it16,290,i,ipu_146
it16,292,u,ipu_147
it16,294,a,ipu_148
it16,296,i,ipu_149
it16,298,u,ipu_150
it16,300,o,ipu_151
it16,302,a,ipu_152
it16,304,o,ipu_153
it16,306,e,ipu_154
it16,308,i,ipu_155
it16,310,e,ipu_156
it16,312,i,ipu_157
it16,314,u,ipu_158
it16,316,u,ipu_159
it16,318,i,ipu_160
it16,320,o,ipu_161
it16,322,O,ipu_162
it16,324,o,ipu_163
it16,326,u,ipu_164
it16,328,u,ipu_165
it16,330,i,ipu_166
it16,332,O,ipu_167
it16,334,u,ipu_168
it16,336,a,ipu_169
it16,338,i,ipu_170
it16,340,a,ipu_171
it16,342,a,ipu_172
it17,2,u,ipu_1
it17,4,i,ipu_2
it17,6,i,ipu_3
it17,8,i,ipu_4
it17,10,e,ipu_5
it17,12,u,ipu_6
it17,14,i,ipu_7
it17,16,i,ipu_8
it17,18,i,ipu_9
it17,20,e,ipu_10
it17,22,i,ipu_11
it17,24,a,ipu_12
it17,26,e,ipu_13
it17,28,e,ipu_14
it17,30,a,ipu_15
it17,32,a,ipu_16
it17,34,u,ipu_17
it17,36,a,ipu_18
it17,38,e,ipu_19
it17,40,O,ipu_20
it17,42,i,ipu_21
it17,44,u,ipu_22
it17,46,O,ipu_23
it17,48,o,ipu_24
it17,50,o,ipu_25
it17,52,i,ipu_26
it17,54,a,ipu_27
it17,56,a,ipu_28
it17,58,u,ipu_29
it17,60,a,ipu_30
it17,62,a,ipu_31
it17,64,i,ipu_32
it17,66,i,ipu_33
it17,68,a,ipu_34
it17,70,o,ipu_35
it17,72,u,ipu_36
it17,74,i,ipu_37
it17,76,u,ipu_38
it17,78,e,ipu_39
it17,80,u,ipu_40
it17,82,e,ipu_41
it17,84,a,ipu_42
it17,86,a,ipu_43
it17,88,i,ipu_44
it17,90,e,ipu_45
it17,92,a,ipu_46
it17,94,i,ipu_47
it17,96,o,ipu_48
it17,98,o,ipu_49
it17,100,i,ipu_50
it17,102,o,ipu_51
it17,104,a,ipu_52
it17,106,O,ipu_53
it17,108,a,ipu_54
it17,110,i,ipu_55
it17,112,O,ipu_56
it17,114,u,ipu_57
it17,116,u,ipu_58
it17,118,O,ipu_59
it17,120,e,ipu_60
it17,122,e,ipu_61
it17,124,e,ipu_62
it17,126,e,ipu_63
it17,128,e,ipu_64
it17,130,i,ipu_65
it17,132,e,ipu_66
it17,134,a,ipu_67
it17,136,o,ipu_68
it17,138,a,ipu_69
it17,140,u,ipu_70
it17,142,a,ipu_71
it17,144,o,ipu_72
it17,146,e,ipu_73
it17,148,a,ipu_74
it17,150,e,ipu_75
it17,152,i,ipu_76
it17,154,i,ipu_77
it17,156,a,ipu_78
it17,158,o,ipu_79
it17,160,i,ipu_80
it17,162,a,ipu_81
it17,164,a,ipu_82
it17,166,u,ipu_83
it17,168,u,ipu_84
it17,170,e,ipu_85
it17,172,i,ipu_86
it17,174,u,ipu_87
it17,176,o,ipu_88
it17,178,u,ipu_89
it17,180,u,ipu_90
it17,182,e,ipu_91
it17,184,o,ipu_92
it17,186,a,ipu_93
it17,188,o,ipu_94
it17,190,e,ipu_95
it17,192,i,ipu_96
it17,194,i,ipu_97
it17,196,e,ipu_98
it17,198,u,ipu_99
it17,200,o,ipu_100
it17,202,u,ipu_101
it17,204,u,ipu_102
it17,206,i,ipu_103
it17,208,i,ipu_104
it17,210,o,ipu_105
it17,212,i,ipu_106
it17,214,i,ipu_107
it17,216,u,ipu_108
it17,218,O,ipu_109
it17,220,i,ipu_110
it17,222,u,ipu_111
it17,224,O,ipu_112
it17,226,O,ipu_113
it17,228,i,ipu_114
it17,230,i,ipu_115
it17,232,a,ipu_116
it17,234,a,ipu_117
it17,236,u,ipu_118
it17,238,u,ipu_119
it17,240,o,ipu_120
it17,242,u,ipu_121
it17,244,O,ipu_122
it17,246,e,ipu_123
it17,248,e,ipu_124
it17,250,O,ipu_125
it17,252,e,ipu_126
it17,254,a,ipu_127
it17,256,o,ipu_128
it17,258,o,ipu_129
it17,260,O,ipu_130
it17,262,u,ipu_131
it17,264,u,ipu_132
it17,266,a,ipu_133
it17,268,e,ipu_134
it17,270,i,ipu_135
it17,272,e,ipu_136
it17,274,o,ipu_137
it17,276,a,ipu_138
it17,278,u,ipu_139
it17,280,o,ipu_140
it17,282,u,ipu_141
it17,284,e,ipu_142
it17,286,u,ipu_143
it17,288,a,ipu_144
it17,290,e,ipu_145
it17,292,i,ipu_146
it17,294,e,ipu_147
it17,296,O,ipu_148
it17,298,i,ipu_149
it17,300,i,ipu_150
it17,302,i,ipu_151
it17,304,e,ipu_152
it17,306,e,ipu_153
it17,308,i,ipu_154
it17,310,u,ipu_155
it17,312,i,ipu_156
it17,314,a,ipu_157
it17,316,a,ipu_158
it17,318,a,ipu_159
it17,320,i,ipu_160
it17,322,i,ipu_161
it17,324,e,ipu_162
it17,326,u,ipu_163
it17,328,u,ipu_164
it17,330,u,ipu_165
it17,332,i,ipu_166
it17,334,u,ipu_167
it17,336,o,ipu_168
it17,338,a,ipu_169
it17,340,u,ipu_170
it17,342,e,ipu_171
it17,344,u,ipu_172
it18,2,i,ipu_1
it18,4,e,ipu_2
it18,6,i,ipu_3
it18,8,a,ipu_4
it18,10,i,ipu_5
it18,12,O,ipu_6
it18,14,e,ipu_7
it18,16,a,ipu_8
it18,18,e,ipu_9
it18,20,u,ipu_10
it18,22,i,ipu_11
it18,24,e,ipu_12
it18,26,a,ipu_13
it18,28,a,ipu_14
it18,30,u,ipu_15
it18,32,u,ipu_16
it18,34,u,ipu_17
it18,36,i,ipu_18
it18,38,a,ipu_19
it18,40,a,ipu_20
it18,42,u,ipu_21
it18,44,e,ipu_22
it18,46,o,ipu_23
it18,48,e,ipu_24
it18,50,e,ipu_25
it18,52,u,ipu_26
it18,54,a,ipu_27
it18,56,i,ipu_28
it18,58,o,ipu_29
it18,60,i,ipu_30
it18,62,i,ipu_31
it18,64,o,ipu_32
it18,66,u,ipu_33
it18,68,u,ipu_34
it18,70,a,ipu_35
it18,72,e,ipu_36
it18,74,u,ipu_37
it18,76,i,ipu_38
it18,78,O,ipu_39
it18,80,u,ipu_40
it18,82,O,ipu_41
it18,84,a,ipu_42
it18,86,o,ipu_43
it18,88,o,ipu_44
it18,90,e,ipu_45
it18,92,i,ipu_46
it18,94,a,ipu_47
it18,96,i,ipu_48
it18,98,i,ipu_49
it18,100,a,ipu_50
it18,102,u,ipu_51
it18,104,e,ipu_52
it18,106,e,ipu_53
it18,108,a,ipu_54
it18,110,e,ipu_55
it18,112,i,ipu_56
it18,114,o,ipu_57
it18,116,i,ipu_58
it18,118,i,ipu_59
it18,120,a,ipu_60
it18,122,o,ipu_61
it18,124,a,ipu_62
it18,126,e,ipu_63
it18,128,u,ipu_64
it18,130,o,ipu_65
it18,132,o,ipu_66
it18,134,e,ipu_67
it18,136,a,ipu_68
it18,138,O,ipu_69
it18,140,e,ipu_70
it18,142,o,ipu_71
it18,144,o,ipu_72
it18,146,a,ipu_73
it18,148,i,ipu_74
it18,150,e,ipu_75
it18,152,e,ipu_76
it18,154,i,ipu_77
it18,156,a,ipu_78
it18,158,O,ipu_79
it18,160,a,ipu_80
it18,162,i,ipu_81
it18,164,i,ipu_82
it18,166,i,ipu_83
it18,168,o,ipu_84
it18,170,u,ipu_85
it18,172,u,ipu_86
it18,174,o,ipu_87
it18,176,a,ipu_88
it18,178,i,ipu_89
it18,180,i,ipu_90
it18,182,u,ipu_91
it18,184,a,ipu_92
it18,186,i,ipu_93
it18,188,O,ipu_94
it18,190,e,ipu_95
it18,192,a,ipu_96
it18,194,O,ipu_97
it18,196,a,ipu_98
it18,198,u,ipu_99
it18,200,e,ipu_100
it18,202,i,ipu_101
it18,204,O,ipu_102
it18,206,o,ipu_103
it18,208,o,ipu_104
it18,210,a,ipu_105
it18,212,i,ipu_106
it18,214,o,ipu_107
it18,216,e,ipu_108
it18,218,e,ipu_109
it18,220,o,ipu_110
it18,222,u,ipu_111
it18,224,u,ipu_112
it18,226,u,ipu_113
it18,228,i,ipu_114
it18,230,u,ipu_115
it18,232,i,ipu_116
it18,234,O,ipu_117
it18,236,e,ipu_118
it18,238,i,ipu_119
it18,240,a,ipu_120
it18,242,a,ipu_121
it18,244,a,ipu_122
it18,246,i,ipu_123
it18,248,o,ipu_124
it18,250,u,ipu_125
it18,252,e,ipu_126
it18,254,i,ipu_127
it18,256,a,ipu_128
it18,258,e,ipu_129
it18,260,a,ipu_130
it18,262,e,ipu_131
it18,264,u,ipu_132
it18,266,i,ipu_133
it18,268,e,ipu_134
it18,270,e,ipu_135
it18,272,e,ipu_136
it18,274,u,ipu_137
it18,276,i,ipu_138
it18,278,u,ipu_139
it18,280,u,ipu_140
it18,282,e,ipu_141
it18,284,u,ipu_142
it18,286,u,ipu_143
it18,288,u,ipu_144
it18,290,O,ipu_145
it18,292,a,ipu_146
it18,294,a,ipu_147
it18,296,u,ipu_148
it18,298,o,ipu_149
it18,300,o,ipu_150
it18,302,a,ipu_151
it18,304,O,ipu_152
it18,306,u,ipu_153
it18,308,u,ipu_154
it18,310,i,ipu_155
it18,312,e,ipu_156
it18,314,i,ipu_157
it18,316,e,ipu_158
it18,318,i,ipu_159
it18,320,e,ipu_160
it18,322,u,ipu_161
it18,324,i,ipu_162
it18,326,i,ipu_163
it18,328,a,ipu_164
it18,330,u,ipu_165
it18,332,i,ipu_166
it18,334,i,ipu_167
it18,336,u,ipu_168
it18,338,u,ipu_169
it18,340,O,ipu_170
it18,342,i,ipu_171
it18,344,u,ipu_172
it19,2,i,ipu_1
it19,4,u,ipu_2
it19,6,o,ipu_3
it19,8,u,ipu_4
it19,10,i,ipu_5
it19,12,o,ipu_6
it19,14,e,ipu_7
it19,16,i,ipu_8
it19,18,e,ipu_9
it19,20,e,ipu_10
it19,22,e,ipu_11
it19,24,i,ipu_12
it19,26,i,ipu_13
it19,28,u,ipu_14
it19,30,e,ipu_15
it19,32,e,ipu_16
it19,34,u,ipu_17
it19,36,i,ipu_18
it19,38,a,ipu_19
it19,40,e,ipu_20
it19,42,a,ipu_21
it19,44,u,ipu_22
it19,46,e,ipu_23
it19,48,u,ipu_24
it19,50,e,ipu_25
it19,52,e,ipu_26
it19,54,e,ipu_27
it19,56,i,ipu_28
it19,58,u,ipu_29
it19,60,o,ipu_30
it19,62,a,ipu_31
it19,64,a,ipu_32
it19,66,a,ipu_33
it19,68,a,ipu_34
it19,70,a,ipu_35
it19,72,u,ipu_36
it19,74,o,ipu_37
it19,76,i,ipu_38
it19,78,a,ipu_39
it19,80,u,ipu_40
it19,82,e,ipu_41
it19,84,O,ipu_42
it19,86,a,ipu_43
it19,88,e,ipu_44
it19,90,o,ipu_45
it19,92,u,ipu_46
it19,94,a,ipu_47
it19,96,a,ipu_48
it19,98,o,ipu_49
it19,100,e,ipu_50
it19,102,e,ipu_51
it19,104,u,ipu_52
it19,106,u,ipu_53
it19,108,u,ipu_54
it19,110,e,ipu_55
it19,112,a,ipu_56
it19,114,a,ipu_57
it19,116,o,ipu_58
it19,118,a,ipu_59
it19,120,o,ipu_60
it19,122,a,ipu_61
it19,124,a,ipu_62
it19,126,u,ipu_63
it19,128,i,ipu_64
it19,130,O,ipu_65
it19,132,i,ipu_66
it19,134,i,ipu_67
it19,136,o,ipu_68
it19,138,a,ipu_69
it19,140,u,ipu_70
it19,142,i,ipu_71
it19,144,u,ipu_72
it19,146,i,ipu_73
it19,148,o,ipu_74
it19,150,a,ipu_75
it19,152,i,ipu_76
it19,154,o,ipu_77
it19,156,i,ipu_78
it19,158,a,ipu_79
it19,160,u,ipu_80
it19,162,o,ipu_81
it19,164,O,ipu_82
it19,166,o,ipu_83
it19,168,O,ipu_84
it19,170,u,ipu_85
it19,172,i,ipu_86
it19,174,i,ipu_87
it19,176,u,ipu_88
it19,178,e,ipu_89
it19,180,O,ipu_90
it19,182,i,ipu_91
it19,184,O,ipu_92
it19,186,o,ipu_93
it19,188,u,ipu_94
it19,190,e,ipu_95
it19,192,i,ipu_96
it19,194,i,ipu_97
it19,196,u,ipu_98
it19,198,a,ipu_99
it19,200,a,ipu_100
it19,202,i,ipu_101
it19,204,o,ipu_102
it19,206,e,ipu_103
it19,208,u,ipu_104
it19,210,e,ipu_106
it19,212,u,ipu_107
it19,214,u,ipu_108
it19,216,i,ipu_109
it19,218,e,ipu_110
it19,220,i,ipu_111
it19,222,O,ipu_112
it19,224,o,ipu_113
it19,226,i,ipu_114
it19,228,u,ipu_115
it19,230,o,ipu_116
it19,232,i,ipu_117
it19,234,i,ipu_118
it19,236,o,ipu_119
it19,238,u,ipu_120
it19,240,u,ipu_121
it19,242,a,ipu_122
it19,244,u,ipu_123
it19,246,O,ipu_124
it19,248,a,ipu_125
it19,250,i,ipu_126
it19,252,a,ipu_127
it19,254,e,ipu_128
it19,256,i,ipu_129
it19,258,i,ipu_130
it19,260,o,ipu_131
it19,262,i,ipu_132
it19,264,i,ipu_133
it19,266,u,ipu_134
it19,268,a,ipu_135
it19,270,O,ipu_136
it19,272,O,ipu_137
it19,274,u,ipu_138
it19,276,i,ipu_139
it19,278,i,ipu_140
it19,280,u,ipu_141
it19,282,e,ipu_142
it19,284,O,ipu_143
it19,286,a,ipu_144
it19,288,i,ipu_145
it19,290,e,ipu_146
it19,292,i,ipu_147
it19,294,a,ipu_148
it19,296,e,ipu_149
it19,298,o,ipu_150
it19,300,a,ipu_151
it19,302,u,ipu_152
it19,304,a,ipu_153
it19,306,i,ipu_154
it19,308,o,ipu_155
it19,310,a,ipu_156
it19,312,i,ipu_157
it19,314,i,ipu_158
it19,316,e,ipu_159
it19,318,e,ipu_160
it19,320,e,ipu_161
it19,322,e,ipu_162
it19,324,i,ipu_163
it19,326,a,ipu_164
it19,328,u,ipu_165
it19,330,e,ipu_166
it19,332,e,ipu_167
it19,334,u,ipu_168
it19,336,e,ipu_169
it19,338,a,ipu_170
it19,340,i,ipu_171
it19,342,u,ipu_172
